7.801970711986453422e-01,5.845956229284778871e-01,-1.140699736160256661e+00,-1.082555206317405538e+00,-1.088431387463077105e+00
6.102909949552404179e-01,3.194875810287284290e-01,-9.832483265368037184e-01,-1.159678782936085506e+00,-7.262354142129658907e-01
5.189977420368208083e-01,1.749050556575699467e-01,-8.798082416873236333e-01,-1.190239124355348732e+00,-5.251240719786819389e-01
5.619886529742811332e-01,2.578254741572404418e-01,-9.251848187254415601e-01,-1.150008281109199393e+00,-6.736622382395911490e-01
4.838800927431802235e-01,1.387583205311843093e-01,-8.583436904446102300e-01,-1.238000229807485475e+00,-3.650598750038173690e-01
4.835558889321644460e-01,9.655726370754197374e-02,-8.449127738090416173e-01,-1.221719323122532730e+00,-4.931393161112180290e-01
5.601772854132845980e-01,2.373334846459675962e-01,-9.376215557740492645e-01,-1.204922593719046864e+00,-5.222659513918034291e-01
6.030810002387796409e-01,2.995000698837148589e-01,-9.729840620026553033e-01,-1.175236447877988644e+00,-6.729159560201580792e-01
4.938974509321938378e-01,1.255090761287604717e-01,-8.493331608298863022e-01,-1.246601337450462754e+00,-3.373720165016240169e-01
5.397434802773415363e-01,1.140357822032325441e-01,-8.536467272738005319e-01,-1.352035207717202647e+00,-1.436958490326666928e-02
4.326895700142353030e-01,6.097071402988511746e-02,-8.066122305237471979e-01,-1.233376918914872888e+00,-4.246724540522253122e-01
5.474626057681653002e-01,2.220581103636172782e-01,-9.089268802097273392e-01,-1.195561681152469191e+00,-5.082874042560546757e-01
8.275064759608081744e-01,4.864196109258090428e-01,-1.088999161750477729e+00,-1.320350044195995443e+00,-2.684792030448348021e-01
7.086120491869427607e-01,3.401285441346844074e-01,-9.972229718587870551e-01,-1.305863358898042614e+00,-2.358858018938059797e-01
7.514526176688303138e-01,4.506346139874946033e-01,-1.069065177133544431e+00,-1.240351497433338945e+00,-4.831730017674640831e-01
7.333688385811377719e-01,4.989360482188420209e-01,-1.085629111750624043e+00,-1.169809242141963468e+00,-6.784433409233046053e-01
7.259942742696294804e-01,3.628717200206326154e-01,-1.017999960402987236e+00,-1.301905171286237062e+00,-2.553359982269577944e-01
7.801432788922201267e-01,5.501800544766384249e-01,-1.113451679412325701e+00,-1.184873482165017533e+00,-6.176939821294029631e-01
6.503766744418616463e-01,3.838890523739651450e-01,-1.012499762628692457e+00,-1.203743101967509110e+00,-5.549508242531208113e-01
7.516315581048231831e-01,5.148064194707595576e-01,-1.078421715321817187e+00,-1.198145575318584788e+00,-4.979191589305253518e-01
8.494647246747079050e-01,4.868899079840051658e-01,-1.074252359814795277e+00,-1.343557830492700056e+00,-1.716033809355091144e-01
9.779971645715027639e-01,8.949917286801546412e-01,-1.303061053753002296e+00,-1.022537120016447920e+00,-1.243141403934811651e+00
8.172630025000575671e-01,9.435787351799989064e-01,-1.352585833469549526e+00,-8.900022688826517703e-01,-1.483256202108333088e+00
5.276306110073671896e-01,2.487498889995237716e-01,-9.383917285411897957e-01,-1.099808684253736235e+00,-7.554359251082958249e-01
6.900927544259111146e-01,6.938301637114060449e-01,-1.193946908346138702e+00,-9.294022829289855236e-01,-1.194811969611575986e+00
5.679502318729992005e-01,4.134312428370494064e-01,-1.031418716726498319e+00,-1.034912891702976845e+00,-8.815494995139643297e-01
6.830092136471275222e-01,7.275258243063569275e-01,-1.200414091765188651e+00,-8.795890790567584272e-01,-1.210311587796844446e+00
7.518756930823053963e-01,5.951892293697764735e-01,-1.151037754377052469e+00,-9.518295244294108226e-01,-1.168558963377678284e+00
7.295635058575121734e-01,7.732323746752260973e-01,-1.209997643881231433e+00,-8.311963228259132697e-01,-1.294504208431699555e+00
5.252571327092244724e-01,4.438120186774353604e-01,-9.993945515130637780e-01,-9.066436257947444455e-01,-8.519665405133510783e-01
6.391508441862489009e-01,7.172094330338855128e-01,-1.207138178489430613e+00,-9.049156648635596767e-01,-1.179131018064888625e+00
6.173601359763231100e-01,4.985901360765225276e-01,-1.090360898437046755e+00,-9.801839509983272247e-01,-1.009865590581269235e+00
1.131353494888434952e+00,1.032065658100717487e+00,-1.349772434848185876e+00,-9.176941583103797040e-01,-1.622792811340446395e+00
8.133724940167496031e-01,6.191863061559216286e-01,-1.142549060185213960e+00,-1.049219911648544779e+00,-1.132897229597223054e+00
8.182642134665892852e-01,7.944944218037234274e-01,-1.206736579091738371e+00,-9.734954616512745407e-01,-1.141910750802421770e+00
7.655419083816240589e-01,7.406208796288493712e-01,-1.150126730183471668e+00,-9.536883318771460782e-01,-1.131781182378576611e+00
6.668730228390157277e-01,4.448662381437855640e-01,-1.013398516622407985e+00,-1.089346709843777461e+00,-8.893516150452667191e-01
6.544788406255434010e-01,5.013245453885591951e-01,-1.039974729641215845e+00,-1.086044873091032148e+00,-8.030102004904867696e-01
8.381191282149675903e-01,4.993923806652192376e-01,-1.042737445384524175e+00,-1.062299218282611868e+00,-1.011091563725323272e+00
9.834693212275181784e-01,7.913586003492375509e-01,-1.214466243784446009e+00,-9.750485412919613903e-01,-1.359986917096054571e+00
5.375045018781555717e-01,9.770829400519517316e-01,-1.186125366452256635e+00,-6.936949601401577459e-01,-8.184375666348329137e-01
5.493015928586092445e-01,9.047649760313465350e-01,-1.163393057981589207e+00,-7.495194811525912604e-01,-8.451631941058381781e-01
4.792280525146779269e-01,9.552775346750208563e-01,-1.164015036641095513e+00,-7.096467996280800827e-01,-6.869409699588279183e-01
3.059260939961014336e-01,1.656499470173963706e+00,-1.383110341024058387e+00,-2.431269206833628904e-01,-6.101571579645330701e-01
7.160201950744339294e-01,1.020224082344411531e+00,-1.262601435026012187e+00,-8.278765183835944397e-01,-7.828159565997671043e-01
5.660416611860068503e-01,1.038930137018688749e+00,-1.188484989068730791e+00,-6.799591315565366445e-01,-6.591718499258591990e-01
5.002491105318833675e-01,1.025144459120358231e+00,-1.179190297594910453e+00,-6.732607510990802346e-01,-6.496822197622696970e-01
7.039792937623372548e-01,9.780043544284359180e-01,-1.222023999850404108e+00,-8.750148019227159679e-01,-6.260399482510402569e-01
5.632519702646060500e-01,1.234496579413535633e+00,-1.334673945575533205e+00,-5.847183104616917593e-01,-1.033696813093322842e+00
5.613095142732591469e-01,1.198922708091875400e+00,-1.346149919067208378e+00,-6.316792974610676570e-01,-1.030400932087888854e+00
6.437988129787973746e-01,1.288524131536981088e+00,-1.394323844701280901e+00,-5.934668342625664117e-01,-1.187007797000030340e+00
5.512359791912447848e-01,1.358632112851981821e+00,-1.394499418288686066e+00,-5.019578763489660478e-01,-1.170652051050675269e+00
-1.356373321226917561e+00,3.201904920026383383e+00,-1.434546070659441730e+00,2.099089640403867474e+00,-3.871980421366575942e-01
-1.002711222823617465e+00,2.645153338048437330e+00,-1.375217896073874124e+00,1.398034781778638935e+00,-4.952977000744626102e-01
-2.758217764440946684e-01,2.093427929455619285e+00,-1.285529455037711877e+00,7.389861542189386512e-01,-6.663188485316835497e-01
-4.036890393408922306e-01,2.275624875021541094e+00,-1.442203332270222349e+00,7.625693132299120602e-01,-9.084815432288837478e-01
-4.548243219527177694e-01,2.134386164266710129e+00,-1.260782363902928527e+00,8.767015221959952864e-01,-5.494673056210425122e-01
-8.105318226084500255e-01,2.555224036533697340e+00,-1.445187078947597792e+00,1.075849302887033065e+00,-6.402903634477167261e-01
-2.927978168695181682e-01,1.835757209149897262e+00,-1.239588925848912560e+00,4.779971546833128859e-01,-7.143299399179104947e-01
-6.201317017995843228e-01,1.941270718069786350e+00,-1.248197039633483385e+00,6.359788422357552928e-01,-4.264849603227288677e-01
6.426748047878578785e-01,9.319925047648182082e-01,-1.228597114439862192e+00,-8.057816724793900320e-01,-9.584234461796590221e-01
4.234424099344308856e-01,7.634011935431082030e-01,-1.091891760108409271e+00,-7.795576438530790186e-01,-7.126054801909439407e-01
7.723454500777421350e-01,1.060293559720248746e+00,-1.300448816605551228e+00,-7.639669412452314567e-01,-1.094916447551654404e+00
6.997502319340648258e-01,6.920466036553396538e-01,-1.136293690378095578e+00,-9.542193864763811595e-01,-9.190873607470873008e-01
6.312236332388091453e-01,6.961331036240842041e-01,-1.110759187839259532e+00,-9.224351473134906332e-01,-7.698180405210404142e-01
7.626546982067904379e-01,7.060261313177610409e-01,-1.148777892973825265e+00,-9.942780523586072228e-01,-9.411569631072221886e-01
8.266917724599333051e-01,9.243026807278980073e-01,-1.286397622732740276e+00,-9.743788990278856588e-01,-9.534517530897009818e-01
6.671708177763577829e-01,4.227273806662886768e-01,-1.024888366700974274e+00,-1.173270312781541147e+00,-5.564117717628053184e-01
5.557558407455581717e-01,5.107760658893467642e-01,-1.023668492948911268e+00,-1.012869682796337711e+00,-6.766963807140876641e-01
7.046937491823934696e-01,7.310348251909872808e-01,-1.156527700852951757e+00,-9.685815451285463284e-01,-8.379156872614709206e-01
1.319510668166877343e+00,5.757239515879921665e-01,-1.144959459147058878e+00,-2.085008561033985686e+00,1.479311238573467469e+00
1.248455755089502794e+00,4.912717926722448558e-01,-1.096937024309557751e+00,-2.099109617826913077e+00,1.574752343748357042e+00
1.347255789869263864e+00,5.671156244844346439e-01,-1.123144777578563014e+00,-2.208718957429144147e+00,1.851439229905156969e+00
1.183380596656275374e+00,3.344446234317042799e-01,-1.015054580814758411e+00,-2.116754603636809673e+00,1.603994923199815625e+00
1.157787212764124885e+00,3.864797319215679816e-01,-1.017656907686750323e+00,-2.116624612084319956e+00,1.733283200236127586e+00
1.280644194890769638e+00,4.513952375661440253e-01,-1.076645771143969421e+00,-2.185561109433404425e+00,1.751913488857105516e+00
1.428002792798806597e+00,5.961534959554917190e-01,-1.172011556141627997e+00,-2.202185262172051239e+00,1.672459229094035882e+00
1.192419220587870310e+00,7.066262942487092635e-01,-1.169708113209023015e+00,-1.911604241385940650e+00,1.394312456450280457e+00
1.236537601297869271e+00,4.490280272199132505e-01,-1.033793450775828182e+00,-2.093718923229050954e+00,1.694627059918654366e+00
1.429379768834905029e+00,5.899979271724931085e-01,-1.197507608388540090e+00,-2.143540255296875863e+00,1.424005107131708137e+00
1.392478224516293883e+00,3.660471529341441377e-01,-1.032786699492358684e+00,-2.427620096473638522e+00,2.277853108363764978e+00
9.592635786161531897e-01,1.008323389012095062e+00,-1.348748088894332176e+00,-8.350255900345128213e-01,-1.419058878351853625e+00
7.745236867286512394e-01,8.229409394501553399e-01,-1.212539490401924658e+00,-8.754034122788144634e-01,-1.153855764505151926e+00
7.239277796341578863e-01,5.487352404322795030e-01,-1.112148837470467999e+00,-1.055750606908862244e+00,-9.593741187534609027e-01
9.595750002006000479e-01,1.540833979920052776e+00,-1.567822198261263900e+00,-5.891973756095059134e-01,-1.738725352014776071e+00
7.399315712113373467e-01,7.737768898521463212e-01,-1.209811223034893413e+00,-9.217765874786504332e-01,-1.078233913209412309e+00
7.773604729190021212e-01,7.220312203288802300e-01,-1.173927925959415530e+00,-9.039624809250729198e-01,-1.067152100287785732e+00
7.652555913043513902e-01,1.097948158573758715e+00,-1.299141133637695233e+00,-6.276706016073994032e-01,-1.157413461566610291e+00
6.480179439715924028e-01,2.612553274997652664e-01,-9.608516741926740323e-01,-1.145383500691351086e+00,-6.942204458734974049e-01
1.074124577576756501e+00,1.188169225303180809e+00,-1.432079958330919167e+00,-7.448809336857634689e-01,-1.626878664147871412e+00
1.036234481316890221e+00,1.026477331413596428e+00,-1.365530592481971617e+00,-8.453821203339806356e-01,-1.492630748946562225e+00
5.305763685607877145e-01,6.063311303807231711e-01,-1.068004127831323258e+00,-9.287138866498353407e-01,-7.217267032444633079e-01
8.072758739714789300e-01,6.612892811757401512e-01,-1.142538904676457578e+00,-9.722134735223587620e-01,-1.045386958820648582e+00
7.226540977240604180e-01,5.287948397780590781e-01,-1.101587867053089420e+00,-1.043637288696549481e+00,-9.330276344533547928e-01
8.134481929847350301e-01,8.286595134805806451e-01,-1.232391173723737854e+00,-8.657021153960359205e-01,-1.162726284867640736e+00
1.102099896801597367e+00,1.555154724690418044e+00,-1.558693245281247197e+00,-5.058879535483042922e-01,-1.878100747395438530e+00
1.176859527450338838e+00,1.781764462445225128e+00,-1.648816069827365727e+00,-4.338077255201998050e-01,-2.078065274538276608e+00
8.059935046795736469e-01,1.184782885244184625e+00,-1.388142461949051443e+00,-6.817454077582626448e-01,-1.409957764686524007e+00
9.931308289194153982e-01,1.161678495350779272e+00,-1.342442209666915964e+00,-6.691147476771993619e-01,-1.404266356312208863e+00
9.015297897232367186e-01,1.731271268321463941e+00,-1.634785140192880570e+00,-4.854511586563318715e-01,-1.811435302033105987e+00
1.046386194357938892e+00,1.742012085066446003e+00,-1.706600047028296263e+00,-5.480558147392975421e-01,-1.966807037690241788e+00
7.668534731803644533e-01,1.066673288186345658e+00,-1.381348037193682154e+00,-7.753043042530127771e-01,-1.336495218382361294e+00
1.064300471387849223e+00,1.059479902169626842e+00,-1.405957472571143896e+00,-8.216877129019177772e-01,-1.448330600636547283e+00
1.026186930171135048e+00,1.259871210053114643e+00,-1.479495005845702371e+00,-7.758720735679006664e-01,-1.746929172783124429e+00
1.059574465361696305e+00,1.460918403034250801e+00,-1.618250822937344680e+00,-7.384643565960019584e-01,-1.880694987268505036e+00
9.795397759904563850e-01,1.324843038603979339e+00,-1.471098552383070635e+00,-6.144359769780092240e-01,-1.613087234836521278e+00
9.638517042112950683e-01,1.393399792153407590e+00,-1.537062422541826567e+00,-6.526629205982538151e-01,-1.777459674678056656e+00
1.236607509938078442e+00,1.797519591711971731e+00,-1.755294500645099731e+00,-5.412423444175280540e-01,-2.245945058295283125e+00
-4.945087981278481482e-01,2.034975199055267137e+00,-1.155277402777946882e+00,9.368901885944698193e-01,-4.920292024418973509e-01
-9.019306780346402208e-01,2.674512893107642952e+00,-1.359712976214823010e+00,1.474703194645115456e+00,-5.525980552131317669e-01
-9.569753296994543135e-01,2.880389681563519044e+00,-1.363196652783015494e+00,1.788277156459463502e+00,-4.967826378201850579e-01
-5.106566394438936118e-01,2.523405565567487852e+00,-1.330688837140124647e+00,1.340716256281223595e+00,-6.899416599808494421e-01
-1.201910629758978777e+00,3.308161225677662465e+00,-1.549826976390030309e+00,2.136588060104843922e+00,-4.192603702512217034e-01
-4.236153806067630700e-01,2.394143178885471457e+00,-1.381698622876480931e+00,1.228456387046142684e+00,-6.505581067304297971e-01
-8.974238954288905612e-01,3.036755078423865051e+00,-1.474741908426407733e+00,1.873977926994020882e+00,-6.296746424811540122e-01
-6.817237045148779595e-01,2.618627070149915692e+00,-1.370182465118378046e+00,1.478911914029647390e+00,-6.032309854758904910e-01
-7.783096750543023745e-01,2.556637183009162761e+00,-1.337607136421922416e+00,1.428294368045980978e+00,-5.314012744079718020e-01
-8.277738264463284645e-01,2.650731081489233532e+00,-1.298126721900236813e+00,1.574109990758524313e+00,-5.329499412977920514e-01
-9.214092870946616332e-01,2.961146955287454308e+00,-1.467558433046495470e+00,1.716737670377274094e+00,-6.706525994136640634e-01
-4.792437753556026414e-01,2.464005882736866937e+00,-1.342933946176119164e+00,1.351759208066610762e+00,-6.636310051792178033e-01
-8.045208527207414750e-01,2.721474970305774566e+00,-1.378955665585934076e+00,1.589494330349879192e+00,-6.108720373487780408e-01
-4.228710269046192516e-01,2.264756735965723689e+00,-1.239754115706588777e+00,1.228418346253066229e+00,-6.107279616229090990e-01
-6.016187920636636433e-01,2.539724955230368675e+00,-1.251595856658694883e+00,1.521337958314546546e+00,-4.550840139256271955e-01
-2.870739038869812298e-01,2.080882880556830905e+00,-1.298345154497194009e+00,8.705617152353289923e-01,-7.596310206198227943e-01
7.878880133264681840e-01,1.361535367468418523e+00,-1.421403192216849742e+00,-7.432042022794675962e-01,-8.573070091793563163e-01
1.003819570863816235e+00,1.017279707471349992e+00,-1.372429422488854911e+00,-1.102079761865297991e+00,-8.403443800406550368e-01
9.916928103040050235e-01,1.126641688980039024e+00,-1.421617204891525876e+00,-9.538495615876277922e-01,-1.270287853324482574e+00
8.485657100116023033e-01,1.488357728083762099e+00,-1.495319678167413402e+00,-6.952482042928337380e-01,-1.003784037911320537e+00
8.096649870341998678e-01,1.113566122379454182e+00,-1.343673098658976439e+00,-9.983714263513060461e-01,-5.411895857454935843e-01
9.211026054819437814e-01,8.092222707953868888e-01,-1.239691318013246502e+00,-1.146414371418130740e+00,-6.077929682454636939e-01
7.279711472026393349e-01,4.284714670747602483e-01,-1.054104814140623514e+00,-1.285577839830417179e+00,-2.688185523314110537e-01
1.163748508987484165e+00,1.506646203188120259e+00,-1.608243572545848377e+00,-8.691410522847768938e-01,-1.427124339969408684e+00
7.490734237155493025e-01,1.439332978813225861e+00,-1.491084674231700991e+00,-7.100750908895757663e-01,-1.007560388800475826e+00
8.557840330636909965e-01,9.521494690088116997e-01,-1.282652378024197182e+00,-1.116170374633078666e+00,-4.458624695003391980e-01
8.139282441065156526e-01,1.369222123384252976e+00,-1.493490275573897241e+00,-7.955241066484113333e-01,-1.132433976078811133e+00
7.831260433760133255e-01,1.137270152843573356e+00,-1.364323334147392153e+00,-8.785785170649482723e-01,-9.526565913946316577e-01
8.629604936585473229e-01,6.961821303181212617e-01,-1.194805901902407541e+00,-1.045622796434744872e+00,-1.188668986899650282e+00
8.289220510007617726e-01,6.554530993439507958e-01,-1.172716004699987824e+00,-1.061787767998702003e+00,-1.109592559266951994e+00
8.542364958075807646e-01,7.150053089573675802e-01,-1.199882388028987279e+00,-1.034083330117746113e+00,-1.161782313087800222e+00
5.742112586623410175e-01,2.551574222506179934e-01,-9.745143829848873507e-01,-1.200566556686260222e+00,-6.721298334791203644e-01
1.046781782595348265e+00,9.627961063518979401e-01,-1.347102959809019840e+00,-9.573063046420501321e-01,-1.570175908933574282e+00
9.970181069503926130e-01,8.944056129885559203e-01,-1.303123744773317716e+00,-9.734669056961683387e-01,-1.499069638070007926e+00
7.214541621245661451e-01,4.467229212608572753e-01,-1.035693669063794120e+00,-1.105609263682942656e+00,-9.311585116639108373e-01
1.019051561269344042e+00,9.487085664602534774e-01,-1.354684496544040329e+00,-9.827440654186336833e-01,-1.495952967327358607e+00
9.041385561189499986e-01,7.439984742533258810e-01,-1.217617769592078902e+00,-1.025153072005842825e+00,-1.239483603500417086e+00
7.845536413303310086e-01,5.708615293024497106e-01,-1.122363481846165412e+00,-1.071141839586643441e+00,-1.051379132448966747e+00
1.021719091789771161e+00,9.463889629051353003e-01,-1.321243833267871315e+00,-9.516548292708240098e-01,-1.505259513533489191e+00
1.272474785934212038e+00,1.390425283841221216e+00,-1.556891163363185004e+00,-8.267967459219938142e-01,-2.033434948834313971e+00
9.216511553513174748e-01,7.914224300659753464e-01,-1.241566332460320554e+00,-1.008971767247434981e+00,-1.345392718118106901e+00
1.053092914729145901e+00,9.581427382484841715e-01,-1.394556405497529239e+00,-1.140673353465935458e+00,-9.970288945391438951e-01
1.076856132232234753e+00,9.843141507381933941e-01,-1.370444781037758686e+00,-1.125012444120859989e+00,-9.510517022045390512e-01
1.105328188698116776e+00,1.054555351259431673e+00,-1.433937752428021684e+00,-1.098381582191009453e+00,-1.093261560562581725e+00
1.102254396928395108e+00,1.053378744237772224e+00,-1.451143833409941131e+00,-1.108605632662938767e+00,-1.140520947140978292e+00
7.560534544186634509e-01,5.329469060751792497e-01,-1.141326606353435080e+00,-1.162670003672016783e+00,-7.627455398416757015e-01
1.050325378632399831e+00,9.967734645703111296e-01,-1.369954464070669342e+00,-1.108192901434654987e+00,-9.415892745111383855e-01
9.479644189533149579e-01,6.532283994852284836e-01,-1.205031411076686210e+00,-1.277533421961520865e+00,-4.639061471659935432e-01
8.372582354354319856e-01,7.620593138206585015e-01,-1.197920841217503529e+00,-1.236311453137344474e+00,-2.174118138178562920e-01
9.404626261296439305e-01,8.291818194555831134e-01,-1.301056107210871948e+00,-1.124201047262120001e+00,-9.208619181599265735e-01
1.153635051654445798e+00,1.145633815352462337e+00,-1.488328621141529640e+00,-1.028729758101040836e+00,-1.372490543283613418e+00
1.123921780242153057e+00,1.136781650107398622e+00,-1.484169953025081590e+00,-1.010635838485161253e+00,-1.398296278772873658e+00
9.926383156641153116e-01,8.636525182971284131e-01,-1.317090224314008573e+00,-1.145729284082060317e+00,-8.939972798164775858e-01
4.421928088075781083e-01,1.731138417586490341e+00,-1.416180515862802913e+00,5.399849034059769209e-02,-1.272922766945855599e+00
8.917388665629358835e-01,2.098778936841257714e+00,-1.698073522052586659e+00,-2.983003559573625327e-02,-1.970172476818199181e+00
8.536132771202150638e-01,2.192001631808000894e+00,-1.729591562672677441e+00,3.598025442877482438e-02,-1.969906441119086304e+00
7.951729730868384305e-01,2.410853692755940969e+00,-1.811606142383927809e+00,1.939252206495604980e-01,-2.142860246222229481e+00
4.379262699824439387e-01,1.412390817648816244e+00,-1.320465892835412713e+00,-2.412022402241691954e-01,-1.095379671221538231e+00
8.122191677457409886e-01,1.623590253280660534e+00,-1.409088179785226602e+00,-7.401585979600149023e-02,-1.467530724062262593e+00
6.334153824302455327e-01,2.216595185753040820e+00,-1.624097932984689630e+00,2.836815152198979839e-01,-1.797097995558989414e+00
6.290985670762211379e-01,2.003606526023444800e+00,-1.617866301413600105e+00,3.762473688011092054e-02,-1.701454563824271071e+00
7.706992311838066767e-01,2.238979187117996705e+00,-1.686489835228929035e+00,2.052381025176643892e-01,-1.878715822973814120e+00
5.040202235252442264e-01,2.508796571636500161e+00,-1.651328371980730791e+00,7.279829824517149994e-01,-1.573789994186087560e+00
7.115778834955216459e-01,7.913421099893006572e-01,-1.221513247277075553e+00,-1.120318747398034054e+00,-3.914600074599087765e-01
7.249530583914244319e-01,6.379802789193206314e-01,-1.162850640568329874e+00,-1.174293262681079364e+00,-5.451413729593858060e-01
7.621545558142093224e-01,5.447520944112412833e-01,-1.172873083809063299e+00,-1.304867314053597349e+00,-3.529029197013981434e-01
6.212937328710880225e-01,9.080410398213366596e-01,-1.258612626207388008e+00,-9.591723065468097387e-01,-5.693954097255089497e-01
-6.868089717525147631e-01,2.944429245777701265e+00,-1.724099545234454967e+00,8.383852656764285705e-01,-5.109352982069457344e-02
1.505026742080768920e-01,1.629121356556198830e+00,-1.396642462411883834e+00,-3.520362028250373365e-01,-3.105376251568497947e-01
5.858462443381692308e-01,6.230530277488386393e-01,-1.136829862511235856e+00,-1.102977391782265615e+00,-5.408344174386157110e-01
6.434582753311659520e-01,5.509894018668556326e-01,-1.132679315359546912e+00,-1.201191196770414749e+00,-3.737640473909847327e-01
6.110101016586355627e-01,4.800445198998384289e-01,-1.046034117926293527e+00,-1.153981031592638207e+00,-4.607871706035499559e-01
5.398945044323502085e-01,4.802043759302644932e-01,-1.067664729485048536e+00,-1.156604918333993925e+00,-4.585983450497392866e-01
-9.978056992074266773e-01,2.973847344652098545e+00,-1.661920288788991229e+00,8.588025123646074732e-01,6.784925346358010589e-01
6.014731502229195836e-01,3.806611923518270491e-01,-9.767465992784194473e-01,-1.331662320478017802e+00,1.627073061542852750e-01
4.366057328569308837e-01,2.568704029404745293e-01,-9.232731559838969204e-01,-1.097984446428957428e+00,-5.936198634758730330e-01
4.364570444587998477e-01,2.849685971123040451e-01,-9.141833250730042604e-01,-1.068870458183690308e+00,-5.915511738357520644e-01
-3.645938883202293757e-01,1.495384975864667787e+00,-1.209311364790956356e+00,6.408893840943338804e-02,-5.591791846111113795e-01
3.257344845272646117e-01,8.944656669206724198e-01,-1.125399462563019037e+00,-5.775757728801776958e-01,-7.394341553385006538e-01
-1.162897572350831271e-01,1.494065951113548119e+00,-1.253446088776967393e+00,-4.818890304154054005e-02,-7.108715038392019459e-01
-2.029204247668496552e-01,1.424952549853014894e+00,-1.210051778801937816e+00,-1.672841524591461154e-02,-6.107430563199631735e-01
3.655434418959753740e-01,5.532110143312491957e-01,-1.009343109841122521e+00,-9.134095065788758738e-01,-7.282138759193270694e-01
4.556757287699815251e-01,2.412349048287785458e-01,-8.945935130322446582e-01,-1.098601231037144688e+00,-6.019811214375336839e-01
2.410381433721606459e-01,7.121462833156446681e-01,-1.037930056360038655e+00,-7.113469031971026979e-01,-6.233165628898409416e-01
-1.620222714753277379e-02,1.113417676116759791e+00,-1.143891120793883776e+00,-3.233819481107187976e-01,-6.432797923620313663e-01
5.966780095546347397e-03,8.023819730829986341e-01,-9.800445015913409330e-01,-4.943342240391336850e-01,-4.726446345444956787e-01
8.612752952215200208e-01,7.780395395648853629e-01,-1.210063516918379323e+00,-9.879330198369470351e-01,-1.172417895153036849e+00
6.203098650560193716e-01,2.737522970694137858e-01,-9.384669307387347725e-01,-1.160302358837456804e+00,-7.091171777147410316e-01
7.235298955876997562e-01,2.988775658829992965e-01,-9.740925285376796916e-01,-1.158832639201054171e+00,-8.174326453601273856e-01
7.086553262802165465e-01,4.691150663537553833e-01,-1.036999290245410821e+00,-1.103989127779870127e+00,-8.746578143763680258e-01
6.781226685691744693e-01,4.454490421348007434e-01,-1.010259487137706191e+00,-1.095882167273397600e+00,-7.725177755745846753e-01
9.381333103695426168e-01,9.770268562628414699e-01,-1.294178673550425485e+00,-8.970658459008069574e-01,-1.396672669994907467e+00
6.780956651689225012e-01,3.016384099746798331e-01,-9.362435791717237388e-01,-1.134607412630924017e+00,-7.442416307560799638e-01
4.649339202528742776e-01,1.121390779895880124e-01,-8.260862536783156740e-01,-1.214671570396607336e+00,-4.199136934859435955e-01
1.043984467546696937e+00,4.219184636248476394e-01,-1.006694141613886595e+00,-1.052406493747105820e+00,-9.346338674531833313e-01
8.393694890682782406e-01,6.287491942306251413e-01,-1.136992804975116567e+00,-1.043473026307171869e+00,-1.106283795866597419e+00
8.982505969328200557e-01,6.872293647968926722e-01,-1.156661469024350852e+00,-1.026210143300053668e+00,-1.228425367890584985e+00
7.946903018275003339e-01,4.421768547630010038e-01,-1.035254928227747229e+00,-1.095856463484012222e+00,-8.973210235695620041e-01
5.517987303390915477e-01,2.484285261825305846e-01,-9.021833110943139333e-01,-1.169185686966543125e+00,-5.668828666651423154e-01
8.475306588023098220e-01,1.312293130182766498e+00,-1.450860789673268592e+00,-6.676400478390107640e-01,-1.529788452912751451e+00
8.390676948267545843e-01,8.907794215366539037e-01,-1.360047589065401352e+00,-9.641400073157240236e-01,-1.402815076634215785e+00
7.164079580818910609e-01,1.139586691431458521e+00,-1.392845603501000395e+00,-7.334583927750133459e-01,-1.341164670276973725e+00
7.952731983407409500e-01,1.239092229382666943e+00,-1.497111686359788640e+00,-7.655497764517287251e-01,-1.477458835531624048e+00
8.578668950819353656e-01,1.236734944062502617e+00,-1.485584371729387954e+00,-7.826630080925435218e-01,-1.509505662149885019e+00
8.740373293883124672e-01,1.230655779042329367e+00,-1.495989980824701915e+00,-8.171105541267684735e-01,-1.575479910525979577e+00
6.557997430051624166e-01,1.452253805452919933e+00,-1.525305469401046832e+00,-5.741383064428393634e-01,-1.456802827623658869e+00
9.241976988332112342e-01,1.005906018499270083e+00,-1.440147950497224327e+00,-9.663749003889363642e-01,-1.444160255811606008e+00
1.129177849351205243e+00,1.356086321103927350e+00,-1.551854816747768373e+00,-8.224118513484962589e-01,-1.803561184839958642e+00
6.772482780108423084e-01,4.297966157108976670e-01,-1.049618670824443489e+00,-1.126711346377132772e+00,-8.652219569540126054e-01
6.064646464755290012e-01,3.838981860401566859e-01,-1.011921956041766713e+00,-1.166268869716159173e+00,-5.714441972257173763e-01
7.653838357587111618e-01,4.500994108704367003e-01,-1.128519774247937368e+00,-1.139470207970727067e+00,-1.044685301934719313e+00
8.959360978403048126e-01,4.949576495340197169e-01,-1.057197526625075268e+00,-1.079673293672681611e+00,-1.076346758512591428e+00
7.499493158249038727e-01,5.361240493266397067e-01,-1.112758188437539930e+00,-1.124714438340148392e+00,-1.043454446816419301e+00
7.836188342763109604e-01,5.495592932578795553e-01,-1.108204072526701944e+00,-1.076895501764614016e+00,-1.092518803009597139e+00
1.041702071779861072e+00,7.322170882507379464e-01,-1.252684864453263991e+00,-1.035057038365056359e+00,-1.392260341391224232e+00
6.558282444220665530e-01,2.873259475071021640e-01,-9.478498889511354220e-01,-1.165663435318853747e+00,-8.256532248964070231e-01
7.391852684168870313e-01,6.737062041751081809e-01,-1.168393347154157214e+00,-1.111322707528666465e+00,-7.199036154540032761e-01
7.514767753867503952e-01,4.994242627846137150e-01,-1.085369962742769978e+00,-1.108104203037475699e+00,-1.055566812305098301e+00
8.797686082269160490e-01,5.413678466619584739e-01,-1.139836372875182802e+00,-1.083701225367047050e+00,-1.191830067073737842e+00
5.732426425996109964e-01,3.860518445102403828e-01,-1.021554355434398875e+00,-1.127471194503931740e+00,-6.576469833492282202e-01
6.514926239525595797e-01,4.453822021367099815e-01,-1.016305677339198965e+00,-1.129244127616350513e+00,-9.093918242505129035e-01
7.400362327780333205e-01,4.993052942545716522e-01,-1.068194144597851336e+00,-1.045457970259696667e+00,-1.064555281767097128e+00
7.374942579716831093e-01,5.269120835180245432e-01,-1.097071269095347690e+00,-1.117168040182664024e+00,-8.668471311666082757e-01
7.116192143956203697e-01,4.797240234660268277e-01,-1.053977424688694819e+00,-1.102434756233097390e+00,-9.318116230136000988e-01
7.199191405831557589e-01,4.907600350813569601e-01,-1.068628055924640607e+00,-1.107853518060962328e+00,-8.721910934533751991e-01
7.196351470543473905e-01,5.222802939147914714e-01,-1.093182682870641909e+00,-1.120822338645761418e+00,-8.807030552108571220e-01
9.515789753749414048e-01,9.235726264068042646e-01,-1.292845925602418733e+00,-9.960284296699672968e-01,-1.196123527169255185e+00
7.869450984188393061e-01,5.746003333163948179e-01,-1.111780458536731464e+00,-1.064795250491183953e+00,-1.005636755284387673e+00
8.909901342100784438e-01,8.210171844346566550e-01,-1.223933194455876228e+00,-9.923789484981059283e-01,-1.218259333280868884e+00
8.487129249969912470e-01,7.841882655558898296e-01,-1.211232927657226455e+00,-9.469614022734631487e-01,-1.229365684868811259e+00
5.614499541323531018e-01,3.073368384637811812e-01,-9.703285137894561707e-01,-1.189206718165425114e+00,-7.311374195926451103e-01
9.530377484705604418e-01,9.068870797870931533e-01,-1.285335385464116520e+00,-1.263663785168596565e+00,-2.209597752040362295e-01
9.622646943926416174e-01,8.808094791602704143e-01,-1.276515754638772648e+00,-1.177804301005505927e+00,-5.139400483219199733e-01
1.175297457532656242e+00,1.150690571718994581e+00,-1.481956761659759092e+00,-1.110862859730987751e+00,-1.064422670044433028e+00
9.140306434117116963e-01,8.452234283111816904e-01,-1.321684124302839880e+00,-1.109986956209370712e+00,-9.963731803569637613e-01
1.076460999155412823e+00,9.169356539417961027e-01,-1.382831528222013606e+00,-1.185430264748772888e+00,-9.334235115183823206e-01
1.287346685720529793e+00,1.263075655555386145e+00,-1.547415012581851546e+00,-1.085058798213967890e+00,-1.249690400317403638e+00
1.242778323718374933e+00,1.144229085466944129e+00,-1.486097369554749692e+00,-1.128805429139706495e+00,-1.119352974737993556e+00
1.030438228963417746e+00,9.404182519190067424e-01,-1.334506589777321395e+00,-1.152729976213870300e+00,-7.362833563182679120e-01
1.325612393120109589e+00,1.389103390853626552e+00,-1.619567826185557946e+00,-9.749568713552777544e-01,-1.657387394229545841e+00
9.682927043045115312e-01,6.900932778207051754e-01,-1.255668207704661032e+00,-1.322826561317329785e+00,-4.295819816714332440e-01
1.184756490935252371e+00,1.161687615948425512e+00,-1.493057754446260432e+00,-1.015598762846854353e+00,-1.454449553934493933e+00
1.048023257458855051e+00,8.493239303531737727e-01,-1.321119689425149568e+00,-1.315210541596947946e+00,-3.881347461244776254e-01
4.362749634897293838e-01,1.460099322136523825e-01,-8.438188153929012669e-01,-1.264082620760042186e+00,-1.857951553816909740e-01
4.533253084109906683e-01,2.480735096665960260e-01,-8.844146717623391218e-01,-1.194817197957899868e+00,-2.226039899812499445e-01
4.348682436530048045e-01,1.534572427102794956e-01,-8.481319895438746981e-01,-1.267745830695179876e+00,-1.579420053809273972e-01
4.665684236384262107e-01,2.419471348937919652e-01,-8.785726359167961297e-01,-1.161959486301782141e+00,-4.264154678624633155e-01
4.211124459853235469e-01,2.058737398144479813e-01,-8.661792777396438714e-01,-1.222214959293823622e+00,-2.438427542276379034e-01
4.424641686785464878e-01,2.084959346466859764e-01,-8.578154222394995809e-01,-1.205838026703579535e+00,-2.490444186418004635e-01
3.934424306097056290e-01,3.881969581314070883e-01,-9.253458399897314113e-01,-1.122824739770171387e+00,-1.806985632226834615e-01
3.384759185985151686e-01,3.475194352839735545e-01,-9.014563408029322433e-01,-1.128667182075053788e+00,-2.085849156123669723e-01
4.321068314547085176e-01,3.125680432850801993e-01,-9.076552077601152124e-01,-1.150991971212330212e+00,-3.264763850915116672e-01
3.987445773287643380e-01,2.525686327336313930e-01,-8.987426999861823917e-01,-1.196248241666649115e+00,-2.617387031009899556e-01
3.130300083097564690e-01,4.084958585383119400e-01,-9.346166639425196321e-01,-1.065789217228246599e+00,-2.423400852470833922e-01
4.449759143766772174e-01,2.674456819988390022e-01,-9.015676981339737495e-01,-1.230897188223087912e+00,-1.964036624994476565e-01
1.017340212736191685e+00,1.163112428025788514e+00,-1.462310713399866291e+00,-9.324063212974535997e-01,-1.609204355514190832e+00
1.308360677970935804e+00,1.648335182305048274e+00,-1.686337327619310100e+00,-7.568600585615632426e-01,-2.212945904952602127e+00
1.466962774601547892e+00,1.464955220083072884e+00,-1.624442665659294738e+00,-8.195957027765925496e-01,-2.087723281932722941e+00
8.244871965014620718e-01,8.281198894729718818e-01,-1.270019957546174361e+00,-1.023044071308925940e+00,-1.267349758856252784e+00
1.134157353177413396e+00,1.137732681121839340e+00,-1.450733029915910688e+00,-9.128355033579051980e-01,-1.634009526563770187e+00
8.621312404139966912e-01,8.589479848913740279e-01,-1.284455175286662421e+00,-9.874331600821133481e-01,-1.270377767727826734e+00
1.070616922502841462e+00,8.192890691144889548e-01,-1.256125526723829600e+00,-9.484054795613267030e-01,-1.251405719911994785e+00
7.763989805622255602e-01,6.888181597668218137e-01,-1.184600993336187180e+00,-1.045800516197370467e+00,-1.121930554306471706e+00
1.362885372084457369e+00,1.505286601281965453e+00,-1.599541104325680196e+00,-7.242627694109390335e-01,-2.009554552701311003e+00
9.759010759361342879e-01,9.190278813377759093e-01,-1.278048622933187328e+00,-8.918786798360684998e-01,-1.315940393307849066e+00
1.030994914160354714e+00,1.004905471018352259e+00,-1.331544017166254923e+00,-8.832131015995695611e-01,-1.412382151533102315e+00
6.808206848601064953e-01,4.532745985500168384e-01,-1.032325568201199584e+00,-1.073025460385961471e+00,-8.590471057335224980e-01
1.097769687517143655e+00,8.897467769826785666e-01,-1.022248222681087171e+00,-2.306716322079722215e+00,3.877934655942462783e+00
1.535437751777211091e+00,4.784383473462119341e-01,-9.087395697635090031e-01,-3.045494746886478588e+00,4.735928707952274941e+00
-1.367157701875383324e+00,4.918148104948016019e+00,-2.020685970357308570e+00,1.011652721811205025e+00,5.432987630077835028e+00
1.701125858128855972e+00,1.078546892998976797e-01,-8.845627722646425273e-01,-3.146390574013752328e+00,3.909985097893835526e+00
2.033320788014426395e+00,-6.626849577591897855e-02,-7.673069002075026956e-01,-3.910491124827273790e+00,5.612078837799868047e+00
-1.563990720130418455e-01,2.916628181425610311e+00,-1.479201030955854312e+00,-6.112759906499671825e-01,4.802760566293367894e+00
1.473517430038403520e+00,3.353669754353807431e-01,-8.800703912393215145e-01,-2.863577838218104965e+00,3.985802128412075707e+00
-1.519320623414006421e+00,4.531055213411173455e+00,-1.929917320786183721e+00,1.364162525741082987e+00,3.771777761638728688e+00
-1.259714589058922973e+00,3.963316727928667405e+00,-1.738347055569331223e+00,8.627135037898173708e-01,3.978662807383169575e+00
3.982804355580237821e-01,1.845833142503360280e+00,-1.209099846952204738e+00,-1.480164218810438914e+00,4.385799055680307035e+00
1.365934576953719448e+00,3.879434702644244948e-01,-9.022391101380119460e-01,-2.658537467130997811e+00,3.719126208377613096e+00
7.457856359956671621e-01,4.940625409526833711e-01,-1.102620810299404175e+00,-1.191398888991190397e+00,-6.574801219426794630e-01
6.556890989942643078e-01,4.099751177892158038e-01,-1.051982702219019350e+00,-1.244317051546614650e+00,-4.857970080048297223e-01
7.899584618872240727e-01,5.480227131119804751e-01,-1.149954784225456050e+00,-1.180036613725571559e+00,-7.713648828258599099e-01
6.683701076535052410e-01,3.813673242004529951e-01,-1.031042862632297386e+00,-1.293071572020952908e+00,-3.286963862984803586e-01
7.071701390617673999e-01,4.658845710778454774e-01,-1.115687543992555320e+00,-1.260890176621083603e+00,-5.322918053182272846e-01
7.717225281912196699e-01,4.783007309665074369e-01,-1.110551296123614806e+00,-1.209881156712734329e+00,-6.462240406705076490e-01
6.968986237557428520e-01,3.854059740384440658e-01,-1.022532025364063735e+00,-1.241800888064157782e+00,-4.243452031037527328e-01
6.432740547116885255e-01,3.109482107516400862e-01,-9.828250559135955911e-01,-1.269782102838610038e+00,-3.220525205440167293e-01
6.725877551758393524e-01,3.899380341195015642e-01,-1.042391602088041491e+00,-1.185192744836386147e+00,-6.732945440218452982e-01
5.556829848896104318e-01,1.976588373086500816e-01,-9.172310492244891700e-01,-1.265104820324059132e+00,-3.408519597890806718e-01
5.097951396641823285e-01,1.963783119140403710e-01,-9.042262424276633626e-01,-1.211442708591216055e+00,-4.751655053289895458e-01
8.242558390875035501e-01,6.549338043903416562e-01,-1.206361093391949080e+00,-1.087191306740292962e+00,-1.141031704471838326e+00
1.216052257047807839e+00,1.252942838909413714e+00,-1.518964461752805084e+00,-9.064471546665956447e-01,-1.879852975087715095e+00
8.622613984398420639e-01,7.219608917375190948e-01,-1.227367267338248080e+00,-1.071084409806436266e+00,-1.129585460799178209e+00
5.357346226599966066e-01,1.830516736275027145e-01,-9.180752735783419549e-01,-1.227771484323641360e+00,-4.852651620264896160e-01
9.246002624225698741e-01,8.083223102969259166e-01,-1.277897457243887036e+00,-1.025625971671069170e+00,-1.356095025047395541e+00
9.125135130292170160e-01,8.348900340360934091e-01,-1.286207465541973294e+00,-1.070183891738134330e+00,-1.124863224666672989e+00
9.239268096063127933e-01,8.018284230755815534e-01,-1.283651595674098367e+00,-1.030567359149939355e+00,-1.362201427554167399e+00
7.156756095817029539e-01,5.139750828525015969e-01,-1.086866442919328657e+00,-1.101229875215216092e+00,-9.225221961564862294e-01
9.038665345356764469e-01,8.494264165916384224e-01,-1.288039465488125535e+00,-1.006826500814467451e+00,-1.347588054851754480e+00
1.093212695317490768e+00,1.048205194881940194e+00,-1.403435443777346414e+00,-9.475689401915531329e-01,-1.663317019865116153e+00
1.142163901069348064e+00,1.176516848571522500e+00,-1.463299378252433947e+00,-9.163028338754772850e-01,-1.717244529796043917e+00
1.861543767402106697e+00,2.597267833542880600e-01,-9.505426121096485215e-01,-3.224408262583783991e+00,4.098060035970045867e+00
1.786660145234210351e+00,2.294062619305606288e-01,-9.381735445424150832e-01,-3.146089281713056796e+00,3.924313279520597053e+00
1.995552702340231521e+00,1.646600558399046454e-01,-8.991294641229853335e-01,-3.528695605554034387e+00,4.713262940823798708e+00
2.654143071006030308e+00,-1.225114315822023320e-01,-6.630241269511841784e-01,-4.909661793595364365e+00,7.991371093281193438e+00
2.462740324309084627e+00,-2.897847963015158165e-02,-7.416671226239963666e-01,-4.472855227991916927e+00,6.921956738631999784e+00
1.898277253532479891e+00,1.926146411056316454e-01,-9.291063664598713245e-01,-3.286714428706043911e+00,4.121267085933250307e+00
1.863597824222727128e+00,1.785619822125301681e-01,-9.000695710951298611e-01,-3.355683718054439435e+00,4.404143417215569123e+00
1.900257087683862700e+00,1.346241726362455426e-01,-9.329584166913933441e-01,-3.361398274803692576e+00,4.159333213084593694e+00
1.815641241441173559e+00,1.228521770516016604e-01,-8.463016512060658192e-01,-3.315971799529874087e+00,4.423287616053722893e+00
1.715961656375035949e+00,2.657974460468917610e-01,-9.253888283558967531e-01,-3.113976742757897043e+00,4.004410839896149099e+00
2.618192045565401749e+00,2.684052161072726927e-01,-7.111629214332758631e-01,-5.062646474950872388e+00,9.292017354992355038e+00
1.294627188547542662e+00,1.429075112963409389e+00,-1.587777086119601222e+00,-9.816625196880632842e-01,-1.393060990129353360e+00
1.142001913962295667e+00,1.062289362703703555e+00,-1.426556838309325670e+00,-1.101031422192398024e+00,-1.122953287784757448e+00
1.006602340626282066e+00,1.092875473088811944e+00,-1.398793671878864497e+00,-1.055685945426724670e+00,-9.089473289219991425e-01
1.105265555028948299e+00,9.592623116231929759e-01,-1.385319191225385493e+00,-1.177792898201037497e+00,-9.031636274040009127e-01
1.167820533188650645e+00,1.177752324549143692e+00,-1.488815000043553827e+00,-1.123533221166017393e+00,-1.074143402652431245e+00
1.094982670151228410e+00,1.057050791394070988e+00,-1.428424053597839860e+00,-1.099760804483719712e+00,-1.111027901169144183e+00
9.850002021406659702e-01,6.752255512501588175e-01,-1.268515002449249307e+00,-1.371901864763812151e+00,-4.037814958963921175e-01
9.570526100752952958e-01,7.674080712195245901e-01,-1.277256446086114439e+00,-1.186819564912846348e+00,-8.329778650698319575e-01
1.119173790437733018e+00,1.027037574143723653e+00,-1.412552292641928720e+00,-1.148818856499202568e+00,-9.618660184433577287e-01
1.128165072752660647e+00,1.069988620248670363e+00,-1.445490278097665282e+00,-1.193285610065395907e+00,-8.909672435039879268e-01
6.170287834118199921e-01,7.280694471285412694e-01,-1.150041194398572220e+00,-1.130586023443152399e+00,-1.673988664431262374e-01
4.593648541822741849e-01,1.452107783038382172e+00,-1.247528684000413834e+00,1.178334344732212546e-01,-9.836231981964761450e-01
1.688081736204939121e-01,2.187024467511867964e+00,-1.441724846574500285e+00,7.360600930649392470e-01,-1.176453302445306548e+00
5.960170607517273345e-01,1.478556553775337346e+00,-1.323236572810367440e+00,1.099474492576966445e-01,-1.163430157136165599e+00
8.733059430604819262e-01,1.947508623789473203e+00,-1.470057504178734042e+00,3.827712767956971684e-01,-1.460005982932819579e+00
5.045914809806473222e-01,1.882147474686421962e+00,-1.459084658412003632e+00,2.088203838367800602e-01,-1.472267919945338788e+00
5.350673048125134112e-01,2.281132279372417138e+00,-1.558106180371798821e+00,6.635461742898812743e-01,-1.484305417264683014e+00
9.471513745453058464e-01,2.195069674320593300e+00,-1.644760272501511356e+00,3.742153297060261119e-01,-1.810145423582279811e+00
4.418571422310991204e-01,2.038435803724911288e+00,-1.477091066235038497e+00,5.330929008312519368e-01,-1.327695292470801869e+00
-4.337801378274773190e-01,2.433721148149312619e+00,-1.391633629508157055e+00,1.056854298903774136e+00,-8.726272595608894900e-01
-5.601535409796898346e-01,3.188864426823755149e+00,-1.606439923444765494e+00,1.866431320062778010e+00,-1.073278755854375932e+00
