-1.634333439325302395e+00,4.743247312049004627e+00,-6.405234805977526591e-01,-1.862021805896645343e+00,1.202421299700302953e-01,-2.790515786352107952e-01,-1.398526030093610872e+00,-9.339529065089199333e-01
-1.384530003245197705e+00,4.058359535020177766e+00,2.580402546087756654e-02,-1.765402308475926274e+00,1.620867411209133246e+00,-3.850030733664112637e-01,-5.574158603377042942e-01,-1.123899948437799168e+00
-9.927601483171741847e-01,4.145031152686899922e+00,1.631526682367075154e-01,-2.353707583056085184e+00,3.331976535207045842e+00,1.871929994335271019e-01,1.303475651956263227e-02,4.193671993865339398e-01
-8.101525148211451421e-01,4.473097818674743209e+00,4.634003264467130290e-01,-2.610857596444936757e+00,2.437061351103726459e+00,-4.206579086808028001e-02,-1.966061927138135490e-01,4.444193279528896867e-01
-1.301646646281343633e+00,3.443149689078670583e+00,1.307416518174689402e-01,-2.244405656855458453e+00,3.723334007476656105e+00,1.118550023819513822e-01,6.172715187597201947e-01,1.029150092370503478e+00
-1.033253649547511532e+00,4.624399130557158344e+00,7.421556390290598992e-01,-1.962725012415198700e+00,3.785296132779063072e+00,2.886451885222136027e-01,-3.646137615468740822e-01,-3.575340185727297615e-01
-1.827629210965944662e+00,3.316948447296789393e+00,-9.234859666541315182e-01,-1.689181001738859766e+00,2.564192338926780668e+00,-1.999722738174003478e-01,-1.346042952269126680e-01,-1.128241718235651225e+00
-1.731978375534696468e+00,4.025582465859740999e+00,-5.631639844181229870e-01,-1.667476315072535575e+00,2.278354148236799048e+00,-1.731849807143082953e-01,-5.981362652255644008e-01,-1.372106892621961727e+00
-1.497550115759145539e+00,3.540497222897772467e+00,-1.493491048938355159e-01,-2.449705488261566089e+00,4.130340006718565604e+00,3.753325292448892597e-02,4.492614419674609838e-01,1.619552139761948117e+00
-2.350132117324292391e+00,1.458289769806249581e+00,-1.020190587450218622e+00,-1.548032644592696849e+00,4.256880277880390473e+00,-3.011904826518786993e-01,9.907506688024902974e-01,9.217247235937300331e-01
-6.268615652442418584e-01,4.753747485239725457e+00,1.457805959417019848e+00,-2.514861153670893579e+00,4.385722271065645828e+00,5.930920863233989371e-01,2.182930251606319261e-01,1.334160486508130239e+00
-1.394509210486935435e+00,3.700416683221562586e+00,-5.397604005596482596e-02,-1.998443204272709606e+00,3.257865566773468391e+00,-1.676386590011894606e-01,1.837490352401420501e-01,6.899351960747527324e-01
-3.847980360603809658e+00,3.553606315508440749e-01,-2.364102070503252939e+00,-1.160890822162401248e+00,1.092353354666461440e+00,-2.016797321694343559e+00,2.532920167264202660e-01,-7.414205695085129832e-02
-3.211092798239648438e+00,1.172344183520483085e+00,-2.021872876933552110e+00,-1.594409483943189931e+00,2.098282609039165969e+00,-1.462571115710346037e+00,3.936270488389969624e-01,4.586660116592081726e-01
-3.291806270434377790e+00,1.508720608797413210e+00,-1.957532676571546393e+00,-1.389869908062239201e+00,1.284583430718704733e+00,-1.782227008714718064e+00,-5.698650367528175498e-02,-5.641634995129644059e-01
-2.761051049542232683e+00,2.526350382362796854e+00,-1.623132520649660959e+00,-1.709350873644329472e+00,9.882186248376563231e-01,-1.539572300484225220e+00,7.294429246198028127e-02,4.174934597387403024e-02
-3.308446513461697602e+00,7.167842249903990659e-01,-2.252887444870639300e+00,-1.343730530867083939e+00,1.848486667788299842e+00,-1.488026380478936872e+00,2.804566405281206376e-01,-5.590009899333571175e-01
-2.873250453469714749e+00,1.559822130215150482e+00,-1.709062233163706201e+00,-1.591680321611063542e+00,6.192260457173320853e-01,-1.808687395383691054e+00,2.739300091386543956e-01,2.188405266596895465e-02
-2.405693698403524206e+00,2.738993880252435176e+00,-6.134281946031594490e-01,-2.026772035930690663e+00,1.617476934350663198e+00,-1.416687208923604446e+00,3.134141047157713023e-01,6.867317315024975555e-01
-2.557101436812279971e+00,1.715568998836116021e+00,-1.831851690809054078e+00,-1.239827411988646766e+00,1.330193393758613007e+00,-1.048984349232134905e+00,7.796616796161158769e-01,6.192022004852100192e-01
-3.747331754571410656e+00,2.881118890968035751e-01,-1.968301103133711871e+00,-1.761996091134909959e+00,1.137059728237684419e+00,-2.236383342811550712e+00,4.415725493238138455e-01,1.840287054918375409e+00
-2.809565901727343551e+00,3.666366996865305428e+00,-2.175522476335097544e+00,-2.185531728204703761e+00,-6.227635336216136297e-01,-1.500352033870615109e+00,-9.743377623282967193e-01,8.904582181796507623e-01
8.178366498448292887e-01,2.433686777943778079e+00,-4.627530802479966621e-01,6.476001720380769600e-01,-2.233904963208290351e+00,2.514601786256140947e+00,-2.360488914160186746e-01,-5.002334895987371466e-01
3.288618321318453885e-01,3.666664295902410053e+00,9.310202163154633892e-01,-1.182501439907769125e+00,1.551038025294587008e+00,8.604248095582137656e-01,-2.062434399026288334e-01,-2.331714727096708462e+00
1.288863716444350827e+00,2.392523407594067120e+00,1.336613084284217656e+00,5.098012268481600939e-01,-1.736194987989482241e+00,1.145996147177842817e+00,5.116578556904454178e-01,-1.532290151128310463e+00
1.935392842553600445e-01,2.951775171010794008e+00,1.958612496572421369e-01,-4.862548879186313067e-01,6.182137782899917999e-01,8.376931473135160733e-01,3.683884563239779864e-01,-2.395614040649742815e+00
1.431158554465786770e+00,1.963201977170802692e+00,-8.416681443721250877e-02,-1.616869428728487657e-01,-1.533412430154651229e+00,1.920162425392619499e+00,4.351739382805638878e-01,-1.966056443592420599e+00
1.900401573389788101e+00,2.123777965105897003e+00,1.601848636024778560e+00,3.125857495640975703e-01,-1.465637625946563105e+00,1.407504426683557242e+00,-7.187614382178972861e-01,-2.173518787405919639e+00
1.838624008839791379e+00,2.763200479715087976e+00,-2.714991659146267500e-01,-3.231347853514093260e-01,-1.103846800928841798e+00,2.394839110739177102e+00,-2.496393871875616233e-01,-1.308373772311190342e+00
2.609976333529020476e+00,1.851603769944624389e+00,1.641979125533330031e+00,-5.230651606524240327e-01,2.559616330554951302e-01,1.699305721639070788e+00,7.509175581292008017e-01,-2.504759747965875416e+00
1.091728408010464557e+00,2.364308325518054144e+00,2.980761788884214725e-01,5.665211486410303143e-01,-1.365542558240223414e+00,2.357976070711074623e+00,9.509005197320573588e-01,-1.762855579704079911e+00
1.454667288534768232e+00,2.558611699963695862e+00,1.431508269970452885e+00,1.197053403961832463e-01,-6.584650732276956520e-01,1.851340465668988688e+00,4.726061145073469638e-01,-2.426963907794410957e+00
8.184750823805191366e-01,4.287246268403750449e+00,4.132565363745397846e+00,-7.249198236731161371e-01,-2.690680014936129627e+00,-2.057958683989259629e+00,-1.911178222567731844e+00,9.685241250025525828e-01
-4.500403577704523150e-01,4.268728365952502379e+00,1.225917091013231541e+00,-1.436774353829344930e+00,-2.986194979556940909e-01,-5.444703007316679111e-01,-1.276752943629297476e+00,-8.992639745424427788e-01
-3.083651081110614922e-01,2.950116626936317932e+00,1.098602740603262573e+00,-2.625687151897904581e+00,-1.760806790621788798e+00,-1.415818094673650718e+00,6.910084427108481586e-01,2.081555749711702763e+00
9.811443468469703832e-01,3.628777180096994570e+00,2.488761106376315535e+00,-3.027720505375085303e+00,-1.885712525958805452e+00,-1.297629207617864600e+00,5.134941842558181646e-01,2.851365356343260604e+00
-4.062986861760595897e-02,4.730090884321446865e+00,2.346624085335054399e+00,-2.778856323185167732e+00,5.805056911088838367e-01,-8.866251891475772640e-01,-1.924353122213944278e-01,2.243657244093310243e+00
-3.095165522533878666e-01,3.565028142435029856e+00,1.456579789490396681e+00,-2.717685329687042017e+00,3.834944100628779329e-01,-7.641180673034149162e-01,6.623130158704260140e-01,2.401765451099708404e+00
1.281682456410647486e+00,4.697584007930398542e+00,4.117792955464359750e+00,-2.339405278783225128e+00,-6.578044200618121673e-01,-1.457763552665052531e+00,-1.485644000028667477e+00,2.387085668062275623e+00
-8.615580043381589059e-02,5.080851303171860955e+00,1.851607559410550996e+00,-3.079141136587242311e+00,-1.533325910733294828e+00,-1.680549591007159949e+00,-1.818269181403952661e+00,2.127345516548714954e+00
2.597453647100203433e+00,-1.544219504747046168e+00,-1.724843475144646199e+00,-2.628772681983984616e-01,-6.797868561416788857e-01,-6.232453311364636317e-01,1.723185829430039284e+00,-1.007987253779794701e+00
2.467099297382355338e+00,-6.103551200062206084e-01,-8.295300079284717576e-01,-2.428501068820628106e+00,-1.419296805629414404e+00,5.294137797013199753e-01,2.524012442932723310e+00,-2.791521977477992023e-01
2.911524974038056879e+00,-2.015629417910661303e+00,-7.241360817758804025e-01,-3.299211749492658163e-01,-1.018524319562957858e+00,-2.001105771888219143e-01,2.330033470256585915e+00,-1.530840023572302533e+00
1.850526260006186474e+00,-1.955818345065724495e+00,-2.428571766194186576e+00,2.624228809294830711e-01,-3.745380683081950268e-01,2.520472854368840943e-01,3.145724116173694185e+00,5.599737949267142856e-01
1.804304260266971882e+00,-2.305519732129927224e+00,-2.621316302543283516e+00,-1.443566801028584923e+00,-2.241503587247005491e+00,8.165984276536759623e-01,1.553459399603192681e+00,-1.489069530843241562e+00
2.909084578802151100e+00,-2.713976611127261851e+00,-1.755536767205393422e+00,-1.634207101966272724e+00,-1.091316134180011499e+00,-4.412693029843733350e-01,2.357896053053844199e+00,-2.055645922936032710e-01
2.918812744660732594e+00,-2.019598313888648633e+00,-1.754105009509375535e+00,-8.410072254289276961e-01,-8.217454518399043284e-01,-5.299174115113582106e-02,2.038590681523161585e+00,-8.364061217398633952e-01
1.138150040378090866e+00,-1.920421885962140474e+00,-1.949973821338528479e+00,-1.383672891317526688e+00,-1.289427518822193530e+00,7.942596811292802761e-02,1.963200557461572959e+00,-8.762081254894937832e-01
1.985182529190288481e+00,-1.551186327303284207e+00,-1.897830772571394542e+00,9.056374399075983739e-01,-1.869591868918853983e+00,-2.667721405140395241e-01,2.401662928259256535e+00,-6.232467676911028764e-01
1.767375684166483607e+00,-1.661822823398609428e+00,-1.392444983385213053e+00,1.702561916364527361e+00,-2.158515903797371571e+00,1.594314978074385381e-01,2.536771931873360142e+00,-1.032688303459441403e+00
2.620195188208981563e+00,-1.778274906115371978e+00,-1.524698656809988950e+00,1.662053018529587867e+00,-2.567531287050540012e+00,3.672831373812270317e-01,1.681709134076324830e+00,-6.440871329353961561e-02
2.391370354119019659e+00,-1.595103789123602844e+00,-9.281052124624465938e-01,1.927052678571336441e+00,-2.362291062982263767e+00,-2.828509361469236372e-01,2.480933830336995438e+00,-7.268514082373053187e-01
1.053188674953105597e+01,-5.509312926462919258e+00,5.519409465758416677e-02,1.425242030482776423e+00,5.793501047287450412e+00,-4.459595001582518314e+00,-1.038385329161668036e+00,2.799995559358111841e+00
7.754163110299342243e+00,-3.090915063375248018e+00,1.553367045873486729e+00,3.708357754452236144e+00,4.836021058757803637e+00,-3.759820477444949294e+00,8.001873799236399742e-01,1.305074697647313764e+00
7.968323098483350186e+00,-4.034403027605127257e+00,4.152407892228110464e-01,3.754320593640428694e+00,3.474215078889979047e+00,-5.556891488123454792e+00,-3.550386901950126906e-02,3.267995349189283250e+00
5.797727275381602041e+00,-1.055244240111139931e+00,2.336174534670978797e+00,1.096724178911096415e+00,1.097618116025878138e-01,-7.625669957672457366e-01,2.764888116857317613e+00,1.736346110427853917e+00
8.772662384617879283e+00,-4.858764755996096696e+00,8.575095001316391033e-03,3.013556609641431017e+00,3.810422753273897456e+00,-4.255471168119656866e+00,1.245273676275557712e-01,1.641233113571247682e+00
6.069624821369782985e+00,-2.401882637103228912e+00,1.726228924628944394e+00,4.550506607279130478e+00,2.507592121350402437e+00,-3.860575242498651694e+00,2.070640638974634573e+00,3.938388711103376072e-01
6.912519629821097134e+00,-2.872950655964396027e+00,-3.729746260034504934e-01,1.351995465391966800e+00,2.617918226945913585e+00,-2.470179773886755914e+00,2.240583436658410754e+00,2.119892150019814014e+00
5.436162260788989897e+00,-1.204623732290913907e+00,3.950920662646557169e+00,3.914109823948322742e+00,4.066808481092246019e+00,-1.407155723473646924e+00,3.099116097626652966e+00,2.210309759434043286e+00
2.599561225647109453e+00,-9.130530501507783114e-01,-1.067959671886655332e-01,-3.745374786152231295e+00,-4.311793192424560495e+00,1.313479756848274116e+00,2.795893256168194174e+00,-2.305364132236259189e-01
4.429559954999858107e+00,-2.200787919128780690e+00,1.420281495111996639e+00,-3.965777685169391997e+00,-3.453840664685656758e+00,2.030061626299434430e+00,3.656516458950401560e+00,-1.792256832884317364e+00
1.742290025639322115e+00,1.931411067994940611e-01,-2.020355128922596943e+00,-3.265085743900582038e+00,-3.352174392717054197e+00,1.540395532829035519e+00,1.783317976320531129e+00,8.977236452587368243e-01
7.397053415135590448e-01,1.231888266719102898e+00,-8.519847934707380777e-01,-3.477876440285169846e+00,-1.607403502886993074e+00,5.331427596601200358e-01,1.343320923868388528e+00,-7.744804064300038482e-02
9.791254240363972405e-01,6.514354877682806411e-01,-1.196382217578638496e+00,-3.095410001675052758e+00,-9.711095464818193523e-01,5.276419734627001423e-01,1.977420694248802624e+00,6.908518565473827922e-01
-4.797554537436352073e-01,2.776197025400553464e+00,-8.338982819046490969e-01,-4.555733216617028347e+00,-1.498460074237184969e+00,-6.203068543478830188e-01,7.640987688995112270e-01,4.169228009054633866e+00
-1.639271159118840249e+00,1.946666807960024004e+00,-2.356300146719078281e+00,-8.673218848289774296e-01,-1.611056702150576836e+00,-2.910591597480071124e-01,1.463092430854010084e+00,1.672387703892232791e+00
-2.035387180198731105e+00,2.294382787985752792e+00,-1.169316927046585741e+00,-2.018942184774986881e+00,1.475370593795251040e+00,-1.127200592040165095e+00,5.639315502677111347e-01,9.594098635687346999e-01
1.813736248659566730e+00,5.723864136727923047e-01,8.569383333440032668e-01,-4.233417104141311782e+00,-1.410782019484198901e+00,1.090168809948394379e+00,2.057418560449222333e+00,-1.379358715976317928e-01
-9.325015551931392643e-02,1.630524744362852108e+00,-1.628943443782644218e+00,-1.893158781641713473e+00,-7.323115811631955019e-01,3.565506700616782321e-01,1.281671976704351845e+00,2.095630956401313416e-01
-7.186502275215799429e+00,-5.298432947903623180e+00,-1.007238773586693226e+00,1.754441188831050491e+00,-4.799490586961426275e-01,-2.568148729169328792e+00,7.456561721984049651e-01,-4.713319752218192438e-02
-6.833818334056925181e+00,-5.536624798103145118e+00,-5.995526583808924448e-01,1.628114835047695719e+00,-2.306636903184524356e-01,-1.988539825258393456e+00,1.153084958456998432e+00,-4.852095143134354527e-01
-7.404963158326410166e+00,-6.011189787141866248e+00,-4.340505442920027379e-01,1.981938375415163822e+00,-5.988175033299557581e-01,-2.408856993226097476e+00,9.981084114507152716e-01,2.925830484591634417e-01
-6.584374943278605841e+00,-5.499097049506914026e+00,-2.758788628599822546e-01,4.925536656078767783e-01,3.463900855328364004e-01,-2.370103679871837343e+00,9.887889222871415473e-01,1.211279015496630057e-01
-6.330317198400835288e+00,-5.737242937113500751e+00,-1.387365584339063651e-01,1.734083686464297003e+00,7.049141330013394269e-01,-2.234120447195026671e+00,1.294977893552608839e+00,-2.291873903323757289e-01
-7.241587200581716566e+00,-5.714479004643380655e+00,-3.927224423824081656e-01,1.398882466646698575e+00,-2.785097082476077901e-01,-2.286694131315523570e+00,1.117387434825974246e+00,1.751546707085634424e-01
-7.674286094829985139e+00,-6.112699358569982699e+00,-1.057683108066097111e+00,1.546073801778011791e+00,-1.289214361963314959e+00,-2.245603694281611329e+00,4.740492624612122063e-01,-4.453672962544857339e-01
-6.202300989689630839e+00,-4.828932346215781379e+00,-1.323165629602357507e+00,2.292783663824711660e+00,-2.108833517199821816e-01,-1.142721560902866251e+00,1.406737701283904851e+00,-1.376008828485808244e-01
-6.008689383048727350e+00,-6.020009398782303123e+00,-1.016273005875520496e+00,1.455953267798706596e+00,7.467427931000358843e-01,-3.248845756588165212e+00,-1.196119703563770093e-01,-2.178421416232315388e-01
-7.831538703362096676e+00,-5.838770428495143605e+00,-1.796938831698063233e+00,1.660058168028644365e+00,-1.173456561090494565e+00,-2.471447402973101948e+00,-5.700573635640406867e-01,-1.217407036930793884e+00
-7.992108066831688618e+00,-6.823526153236120884e+00,5.954887895270054299e-02,1.338330395292153252e+00,-6.189135147712002821e-02,-2.107518797376509490e+00,6.220894960004262897e-01,-1.780539843056423988e-01
2.061528912456945140e+00,7.097909664890508230e-01,1.760856687667031295e+00,1.594214693087161461e+00,-2.639564482316775429e+00,5.899623846525193782e-01,-8.688330380617286242e-01,-1.473593337270211912e+00
1.739932115110206956e+00,2.506516749889288853e+00,1.327911729839367005e+00,9.703055119785589655e-01,-8.605943465203003129e-01,1.076120948290142154e+00,-5.930175569111851841e-01,-1.279012582404585263e+00
9.209166036202751648e-01,2.054687341169536108e+00,2.776385038125858351e+00,5.863214520739811197e-01,-9.568254919059756558e-01,4.930532427955830466e-02,-4.924569649297141360e-01,-2.655534688345257965e+00
2.117745123221821846e+00,1.074410399467730093e+00,1.699897317717448564e+00,2.868685217032089785e+00,-2.337934228561845185e+00,1.866954482673711002e+00,-1.369080516303925465e-01,-6.461126683932926218e-01
1.523825458194570492e+00,6.064696422738253823e-01,8.240035374562372228e-01,6.026555939465191303e-01,-1.772054607797634684e+00,4.781115296440749951e-01,1.358731262249083527e-01,-2.368684589767441118e+00
2.308341586485286978e+00,6.444903593493577221e-01,1.411402775759441841e+00,-6.367840713810353492e-02,-1.989353889835807632e+00,4.854198056135359818e-01,-1.153688816273004542e-01,-1.958841773556023069e+00
3.842079053119234811e+00,-3.502083336921944512e-01,1.820697069148432101e+00,1.598528362511059120e+00,-2.138131255583256340e+00,1.392871005933384865e+00,-6.495373583678498708e-02,-1.319709078992493900e+00
1.135692834477717961e+00,2.190645149156979610e+00,3.393110021859292669e+00,2.956493848927875256e-01,2.809748779701211618e-01,-2.214038919642066228e-01,-7.317318642834765852e-01,-2.903167297328893781e+00
2.121285249968702491e+00,8.549119347764067012e-01,7.827198205944183584e-01,1.375237214093010252e+00,-2.301204011438743091e+00,8.384989014430989096e-01,-1.316798623380539102e+00,-6.634738879451002047e-01
2.096001317076450654e+00,1.295502621019905209e+00,1.371139518716268713e+00,1.190189753824668406e+00,-2.196456809851305536e+00,1.354236744684807148e+00,-1.898892142153427054e+00,-1.125981736998531657e+00
1.956241392622110054e+00,2.663226076562250078e-01,1.032913140336404023e+00,-8.382280355460997034e-01,-8.057507078249833699e-01,9.061165708883260894e-01,1.947823015489690057e+00,-2.124653762360139808e+00
1.538666177376751376e+00,2.208403995491429850e+00,2.245571285967996378e+00,-9.053156248952622109e-02,-7.996640460276993601e-01,2.931931900726500451e-01,-8.587876049485996255e-01,-1.368650311788014440e+00
5.750719781019129062e-01,2.212147587510734592e+00,1.088826942071981607e+00,3.938527204156492822e-01,-1.313114307623964583e-01,6.150016255498620410e-01,-6.588655197515492778e-01,-2.576464400272548971e+00
2.243879363105009350e+00,4.539559519536330301e-01,1.527906957583320624e+00,5.497438106042099593e-01,-1.818320049743320732e+00,1.102793382351931140e+00,-3.544956342360123802e-01,-2.374904686299339929e+00
2.508182875590851957e+00,1.103746717004043809e+00,1.232588507662508936e+00,2.729250382990628054e+00,-1.614358126531837634e+00,1.316760195729536342e-01,-6.402699254377862692e-01,4.473660451276510047e-02
2.448619991304133769e+00,3.272646981990197990e+00,2.684504880877712552e+00,3.459009581988766957e+00,9.109419249490052772e-01,2.431484292878927089e+00,-2.157845004645024378e+00,3.476005428665034369e-01
1.841371069465949972e+00,1.347826828459523396e+00,1.053625917760184549e+00,2.879804412193242680e+00,-1.580538638617602798e+00,9.346818778898002833e-01,-6.437711246222901917e-02,-6.740233611161250415e-01
2.824357244422635915e+00,2.344829814414010727e+00,3.084617507542452675e+00,2.448059482779061824e+00,-2.828992340621930834e-01,3.481773806336656008e-01,-2.207013798580626851e+00,7.278242845462283839e-01
1.365951268227170390e+00,1.836093039953191841e+00,1.676072982833667568e+00,4.142489537734237004e+00,-1.423787017134116484e+00,1.339821422310492949e+00,2.708113793939910252e-01,-1.762670720377309749e-02
1.721359106145223805e+00,2.027742530251722020e+00,1.935738662099075746e-01,4.004405033687890914e+00,-2.379120612229783660e+00,3.083918343099934400e+00,5.943807243808085783e-01,4.035483796426395209e+00
1.745413732910469085e+00,3.404315435491376274e+00,1.428124564548720832e+00,3.720773725354289407e+00,-3.889813191614202581e-01,4.353888670435680730e+00,4.671418670534925877e-01,2.738505196851692247e+00
2.911330215444153158e+00,1.636522796092571674e+00,2.615354224249018866e+00,4.913623908206682600e+00,-1.171516436709704845e+00,2.461080168836866200e+00,-2.162989728517528132e+00,2.836082311239111142e+00
1.449033058997835299e+00,3.940996368544039452e+00,1.005377603104271156e+00,3.115906545948411654e+00,-1.396029647755686165e+00,2.127239225982615611e+00,-1.693479811830947757e+00,1.640481747443496285e+00
1.494204204459804952e+00,2.470314045341191367e+00,-3.231007567909577327e-02,4.445568210295752998e+00,-1.470500776409400467e+00,4.331184741150174489e+00,-1.210887823264321206e+00,2.877735261345780504e+00
1.948448938152404608e+00,3.227563400115463832e+00,8.923195418098399667e-01,4.589134124742887622e+00,-3.654127019413092037e-01,2.083330126183454922e+00,-2.013009917932067072e+00,2.050319968789633851e+00
2.227479244638692624e+00,3.790635981950531530e+00,1.131974786802972810e+00,5.384803197685502418e+00,-2.845020280522316258e-01,4.023284505549597156e+00,-2.351625818918251287e+00,3.066142137605750051e+00
2.856396956623127537e+00,1.784252529602351700e+00,8.095684789204316001e-01,6.893276522692508124e+00,-2.710989428209107932e-01,3.885494789103771218e+00,-2.468027464173061070e+00,2.972815644248867351e+00
1.279132477812858681e+01,-6.077379220253517289e+00,3.387425265057990575e-01,-3.087026158279111865e+00,2.240906230906136720e+00,1.875935290115479104e-01,2.246647120665857533e-01,9.358033159585957828e-01
1.187022639546584024e+01,-5.844574530459884620e+00,4.390326758993628453e-01,-2.486517361293081319e+00,1.414633843895508392e+00,1.383200079031847440e-01,5.659088590615825032e-01,-6.972933779951115962e-01
1.353308910892009997e+01,-7.176890492168898739e+00,-4.297197123526274587e-01,-3.247894183507941346e+00,2.639449778024363980e+00,-4.072801203834756634e-01,-1.242335345171673877e+00,1.685925005909270913e-01
1.421000269762130586e+01,-7.459129566458226002e+00,-2.248966365854388610e-02,-4.047000122292060631e+00,1.862496243883727254e-01,7.730274469709902396e-01,-1.235139531574421579e+00,-1.100123021621614905e+00
1.126070138298959122e+01,-6.702154225869490389e+00,1.410833871000953810e+00,-3.296482777704519140e+00,1.135829665060161808e+00,1.634900801031214490e+00,-5.563947422841469814e-01,-1.378554048227362605e+00
1.178812816626018645e+01,-6.996809378563250803e+00,-3.290760858646897269e-01,-2.269308194298187864e+00,-1.125939279531276010e-01,3.183686678189451946e+00,-1.304578099614357889e+00,-3.156937632131967764e+00
1.292234261152753660e+01,-7.526443151750112470e+00,-7.363778472428849087e-01,-4.211335666583869930e+00,8.302165776280179266e-01,1.240120566670298796e+00,-9.820990694146534139e-01,-1.189892966619762849e+00
1.272548276794528732e+01,-7.187333082944552309e+00,-7.934771289651569859e-01,-3.809377790665525954e+00,7.262921932581122286e-01,1.962566576567876364e+00,-7.053946324961043457e-01,-2.073234551056649444e+00
1.220123113288332739e+01,-6.383217575533270960e+00,-1.441551002611756449e-01,-5.658251617627611196e+00,6.842758055479311041e-01,3.072009261717927764e+00,1.106435099200645755e+00,3.660759517288900700e-01
1.398657311165604611e+01,-7.328889756301155245e+00,-8.410267820725467747e-01,-2.930839498449275826e+00,2.507377521415136368e+00,-6.595180780440147439e-01,-1.279813496303328524e+00,-5.208508081681310076e-01
1.186657099803832516e+01,-6.295516809436329631e+00,-3.163919267433576987e-01,-3.411222790475211930e+00,7.084346188723134041e-01,3.637558577006291816e-01,2.230514603196984136e-01,-3.067822345396742367e-01
1.396004229238602434e+01,-8.414034083814771137e+00,-1.605884050190324430e+00,-4.622000484084635374e+00,-1.171431417825622850e-01,3.079852698871019090e+00,-1.447422617859557725e+00,-3.129757039184493106e+00
1.300313201663023399e+01,-7.333874536838876246e+00,-1.426195154077556371e+00,-4.915738204367126940e+00,7.775647053329014513e-01,1.933581581648923242e+00,-6.893769918979322786e-02,-1.251758051682654749e+00
1.481213437255335741e+01,-8.476057157893832184e+00,-1.400131621477288979e+00,-5.325895515503156652e+00,4.810945989724914607e-01,2.206172080914756695e+00,-1.325424384167312342e+00,-1.721878985141844121e+00
1.545371445559909951e+01,-8.525934450711226020e+00,-1.569781535049384891e-01,-4.049515063014527350e+00,2.342325914954729527e+00,-1.380294137186214298e-01,-2.570522587372061629e+00,5.507935171839024591e-01
1.152180568689178486e+01,-6.355508245508727505e+00,2.647918175718144695e-01,-4.171626665474811979e+00,-1.097113885893644003e+00,2.973794619777696546e+00,1.175206619145305220e+00,-1.641647045864254251e+00
3.610684670243973216e-01,-8.672648818365483736e-01,-1.581756878420534251e+00,-1.043962186383301294e+00,-3.312530951823761338e+00,1.091709995948246137e+00,2.780277914567918174e+00,6.637956109502840540e-01
-2.704744867827720611e+00,-2.052292108218083388e-01,-2.651557373209082247e+00,1.248151141302583818e-02,-2.398057474397937483e+00,-1.150878176980254741e+00,1.317082309952037456e+00,4.474031554336421745e-01
-1.361204722350180418e+00,1.203032686520572048e+00,-1.673581901466252964e+00,-1.244730000036778084e-01,-2.816666366858723070e+00,-4.224756271994498658e-01,9.460664068760102907e-01,3.224327951704580864e-01
-2.318917408907745226e-01,-2.271663102164904469e-01,-2.381645748984590139e+00,-5.342736139960281294e-01,-3.260055084928286107e+00,1.131850659376753221e+00,2.547502672627711018e+00,1.546802982938101589e+00
-2.112453050438828139e+00,-4.090202816800011520e-01,-1.843906201561955394e+00,8.748190112644265160e-01,-1.953799503306842045e+00,-9.172626353162726121e-01,2.755843048561798181e+00,1.474833639867986435e+00
-2.035578805468813535e+00,-3.957712604150771529e-01,-2.510927287498207150e+00,-1.192937292089734314e+00,-1.284439873498852247e+00,-7.437625296608944003e-01,9.411647234318396560e-01,-3.791991093134164936e-01
-2.861420534915596559e+00,2.099251649227514838e-01,-2.248023863984292881e+00,-9.295109448169877053e-01,7.423794208437431985e-01,-1.340439459613596007e+00,5.329415662582136504e-01,-8.045712432629841260e-01
-1.845872013558113700e+00,4.820658714210934725e-02,-2.226942060489984332e+00,-2.011884410593652583e-01,-4.593695606723630753e+00,-1.567127053128286152e+00,2.066213328880336597e+00,2.952301546172199753e+00
-7.164445813363344850e-01,2.399966052732973032e-01,-1.661649249566985453e+00,1.295412214767215797e+00,-2.848917160608378296e+00,1.006191616604816375e+00,3.006707175183037428e+00,1.354607175521867601e+00
-2.117226673416199745e+00,-9.204117811758006917e-01,-1.944134621157562970e+00,3.491577840149555079e-01,-1.825074037783320335e+00,-1.285959500779751741e+00,2.135173510261474839e+00,8.244442654346577637e-01
-1.297776059695085582e+00,6.672493911838457414e-01,-1.141506642880337319e+00,1.141737087650362303e+00,-3.591590665936865712e+00,-1.329192865150191638e-01,3.231530799002495069e+00,1.789786266222914257e+00
-1.444131057036558197e+00,1.151444548628046460e+00,-1.602064244007832761e+00,8.647743060797421499e-01,-1.641227271998168424e+00,-2.067647543257288834e-01,2.372953542809154381e+00,6.245171322878904085e-01
-1.754901821773497517e+00,4.545151663731518354e+00,-6.813201928038804533e-01,-2.273285684577395660e+00,-6.094331249281074170e-01,-1.179644250098018210e+00,-1.291847952213519779e+00,1.712792242321077574e-01
-1.776243149367492391e+00,4.124299402278685633e+00,-6.463223231208168329e-01,-1.915638146626986282e+00,-3.362821778052249022e-01,-1.205616171755896637e+00,-9.850346870975564828e-01,-1.764588747236273680e-01
-1.912299809836057074e+00,4.035746619116654443e+00,-8.863522114521600326e-01,-2.257528334829613126e+00,-6.581232713763666142e-01,-1.678607314456289634e+00,-8.693703399344995253e-01,6.162734308559845164e-01
-1.516220841920675522e+00,4.202349440006343251e+00,-1.467838801918960601e-01,-6.679889969015624374e-01,1.827731270298620370e+00,6.536796739890701202e-01,-6.428483079045935744e-01,-2.554317241567712671e+00
-1.331415176515394316e+00,4.606993062639620717e+00,-1.953742272631116828e-01,-1.399323897918614446e+00,-1.363784959411983966e+00,-1.021560226849764108e+00,-2.127568371707198480e+00,-5.279545632492672891e-02
-1.084692974645576458e+00,4.821018607981907067e+00,4.231704783624783972e-01,-1.734703355434970229e+00,-1.562768729385400235e+00,-1.203888077194152917e+00,-1.831722046889907363e+00,1.315008934622877990e-01
-8.730659729269523162e-01,5.094742954314310346e+00,1.068887684482502154e+00,-2.616792481928173153e+00,6.700573302853630731e-01,-9.837760654213327793e-01,-1.036117581140123756e+00,9.769886471929966065e-01
-1.615358482494340331e+00,3.932990328877342456e+00,-1.259696752539447129e+00,-9.242150370656985192e-01,-1.405175240583881990e+00,-4.751738165243679091e-01,-1.818943610199592387e+00,-2.851122372995310572e-01
-1.685296534018835501e+00,4.327811358965819366e+00,-4.935438856927379936e-01,-1.928522454005298759e+00,-3.270232221008224638e-01,-1.294340377761803218e+00,-1.543432765153896380e+00,-8.478896648759909338e-02
-1.458494029140438464e+00,4.296661286972173421e+00,-7.688757033979966293e-02,-2.256853898181716112e+00,-1.999507137107500165e-01,-1.322135761917566432e+00,-1.074212462981423366e+00,8.550529768196581115e-02
-1.307736822786064845e+00,4.716302924565974664e+00,-4.117800540331854192e-02,-2.085548315112543794e+00,-1.480621540151688453e+00,-1.446423710509582961e+00,-1.450047016475409567e+00,9.893608730027517728e-01
-1.166198914860690605e+00,4.838355205147093940e+00,3.533176651618956110e-01,-8.043050184403106595e-01,-1.077503098195664366e+00,-4.099259568638341511e-01,-1.867680223258201488e+00,1.427860999056373426e-01
-1.186170259742086452e+00,4.782749299734839532e+00,5.753553988771815675e-01,-1.798041338266685329e+00,-1.069051401025256531e+00,-1.290638813488103276e+00,-1.550351259429843864e+00,8.638437800060931593e-02
-3.338612002220746167e+00,1.659077778351302768e-01,-3.903982064315328682e+00,7.862518216433457274e-01,-1.202636845883619410e+00,-2.328600307276486869e-01,-8.749989264340020112e-01,-7.802475623563528417e-01
-3.519971730076502325e+00,3.887263507113780658e-01,-2.716106570900964190e+00,-1.001052247823973618e+00,-1.911822368246566040e+00,-2.284592648448238617e+00,4.003920808518905694e-02,3.017566296407293569e-01
-3.274723108798298643e+00,6.761105304695504137e-02,-3.988432315338624079e+00,2.745126949467849298e-01,-1.830556963174107210e+00,-1.254935646539489857e+00,-8.053553810594569207e-01,1.727313603584583190e-01
-3.151042571741624609e+00,1.925862221473505220e-01,-4.160430117452482257e+00,1.057598684877588679e+00,-1.153046783834200228e+00,4.052357425324942253e-01,-1.279081820416484216e+00,-6.019202126244780349e-01
-2.587216733995591156e+00,1.927794270122912934e+00,-2.515322817595387672e+00,-5.824571095455622904e-01,2.279842858387688964e-01,-3.303796271274448415e-01,-4.925886730873595409e-01,-1.905204333999327870e+00
-3.154593740659263901e+00,-1.065798976526517033e-01,-2.212413768036583850e+00,-9.167248898094391141e-01,-2.397622820097385699e+00,-2.501456020058702823e+00,6.688115352025606475e-01,2.949669530598109102e-01
-3.896697925075614855e+00,-2.401283482747035847e-01,-3.723286715286473925e+00,-6.091620891199870380e-01,-9.075938856926284160e-02,-1.342898692218208456e+00,-4.602501226366910725e-01,-1.330378193761723615e+00
-2.686599943099685639e+00,-1.324262339254669074e+00,-1.637423764513073365e+00,4.539470451043721710e-01,-6.160272445939849462e-01,-1.137084168119603111e+00,2.251562286199721985e+00,-2.538951488715365801e-01
-2.942531395969354868e+00,6.404403497177850735e-01,-2.710817763686382165e+00,-7.111575108793298794e-01,-1.670023649094298568e+00,-1.297310865404026625e+00,6.205215081538700828e-02,-6.912720126301992174e-01
-3.227099112330235720e+00,1.200348438246685578e+00,-4.158182166388233014e+00,-5.397087204795216753e-01,-2.151112138898446879e+00,-8.366246585360971322e-01,-9.906827053896339885e-01,7.944894261109182176e-01
-2.811049131687132885e+00,1.087436454171756939e+00,-3.786175038026893258e+00,-3.382099538956205298e-01,-2.306397266434454085e+00,-5.284835626128127073e-01,-7.467920922031953124e-01,6.230968438588255776e-01
-3.523611672477494849e+00,6.449593548004641796e-01,-3.056577440516123900e+00,-7.529549317121054797e-01,-1.570471599494906334e+00,-1.978310226150962636e+00,-1.708660956802371955e-01,-3.181846467584583671e-01
6.378110270116994052e+00,-2.072969002369221325e+00,2.147608974440043283e+00,1.942860173614992247e-01,-3.482841035750571024e+00,-1.200592851145264817e+00,1.493989024311008551e+00,2.213091223417464892e+00
5.463015973176952755e+00,-1.611315608346790773e+00,9.002164805251683388e-01,-1.629318078352937071e+00,-5.802850140123500644e+00,5.693416169937315363e-01,2.367705761239311091e+00,1.899743267812675995e+00
5.291815381919022343e+00,-1.698306339922692754e+00,2.062954590581325576e+00,2.828522996574248105e-01,-5.827943183669207272e+00,-1.228644888877631125e+00,2.362007268901419543e+00,2.899856381971068320e+00
5.743238234208974724e+00,-2.513422167176368571e+00,1.483311839465900617e+00,-7.896427352016561763e-01,-6.576587494581382032e+00,-6.588334118776691950e-01,3.402392686976367209e+00,2.076504890260460812e+00
5.245785976189658584e+00,-9.000939673543150166e-01,1.729121737028651351e+00,-1.130938387846270210e+00,-3.236334860697953175e+00,1.311771959831210310e+00,2.215673616931286727e+00,3.514206603764931103e-01
8.340467542630582543e+00,-4.233094384049410408e+00,7.463617672740521236e-01,-2.356463772746451912e+00,-4.572119896789397231e+00,-5.049191547668416824e-01,8.110591878836818924e-02,1.144609392095708111e+00
7.353687303174881507e+00,-2.982942598935472756e+00,4.636264074581575301e-01,-3.013315766919417715e-01,-3.530685756300997458e+00,-1.609477118795468620e+00,1.245009693720125155e+00,1.984030051471725065e+00
5.698456129508189250e+00,-2.037480405245624127e+00,1.578057008379777360e+00,1.485184930799286485e-01,-5.421552126093859947e+00,-1.683482214116999165e-02,2.291190674905321689e+00,1.489556094051846413e+00
7.083578585058676325e+00,-3.192995451237637283e+00,1.531024619933399888e+00,-3.088881311422020937e-01,-4.967176509961820585e+00,-5.011633163407119840e-01,1.378126881308021190e+00,1.107906041625522642e+00
9.267425986626475876e+00,-4.957422656831822927e+00,5.374667218701297683e-02,-2.735096922608804881e+00,-4.292600831908953474e+00,-3.455667891275923109e-01,-4.245852841255502025e-02,2.749440048672864290e+00
-1.942918989740624269e+00,-3.568147395176624742e-02,-2.622078283386801267e+00,1.737641520322534383e+00,2.000443186942138241e-01,1.877531068471838482e+00,1.523731675814127273e+00,-1.663370279112934336e+00
-2.286236931953990137e+00,7.514411527758864118e-01,-1.905273585574431827e+00,1.085372316918214564e+00,2.878525806580649049e-01,-2.853039267057341233e-01,1.014049968721344008e+00,-1.666531059156587169e+00
-3.058768584594425022e+00,-2.262695203843496927e-01,-2.361052537065842394e+00,2.205255566676035173e+00,3.270122632532792561e-01,8.744397589511956337e-01,9.343239593139271992e-01,-2.246487044793976651e+00
-6.517002069581582235e-01,4.169828215612458311e-01,-2.347313047996203217e+00,1.678847862109547506e+00,-9.868730452218055227e-02,3.307371960584178705e+00,1.736384302511458033e+00,-1.245572044085231811e+00
-3.325068806469216320e-01,-1.773978091685745939e+00,-1.731037680831606806e+00,2.525223063349331998e+00,5.503126574859199538e-01,2.214196677050014550e+00,3.233117319287812208e+00,-1.424217098552506444e+00
-7.796406129477335689e-01,9.291062423813736815e-03,-8.905923872887225867e-01,1.975191620367072520e+00,9.732890634993107692e-02,2.056713218937479493e+00,4.016156070926024668e+00,-5.920003089109349137e-01
-1.098466344395367722e+00,9.357201893704597540e-01,-7.073322656094033212e-01,1.336485023001650951e+00,-8.930096016418903604e-02,1.067277873150238143e+00,2.001385077477353391e+00,-2.256022301566449340e+00
-1.534965757103326167e+00,-2.445659258250136928e-02,-1.428977688593335182e+00,1.334815462785319040e+00,2.749655743356720083e-02,1.712576418839293346e+00,1.936941191014427632e+00,-2.424337711429962461e+00
-1.779847629831604383e+00,2.082214497998602365e+00,-1.406016353954009146e+00,-7.194763500896788309e-03,1.695602489253271505e+00,3.093106194789180252e-01,1.500364499831206899e+00,-7.764562658459701616e-01
-1.290997054975300040e+00,1.072747581059698696e+00,-4.675747697903129829e-01,1.157358948930119924e+00,6.044881754186907097e-01,7.209591482805836060e-01,2.008138386726550095e+00,-2.654263407784399398e+00
-2.615733421435766815e+00,-2.166032797261986609e+00,-1.323737058477585105e-01,3.244878339267554423e+00,2.068443077369187755e+00,1.529825420537567204e+00,4.459046238101985971e+00,-1.862787185891046748e+00
-1.762037794622130615e+00,-1.160390956847837440e+00,-7.180773901374836177e-01,-5.938780509291606557e-02,1.663723727854091727e+00,2.291696713632432880e-01,2.600003775823837682e+00,-8.471993696083351955e-01
1.147226127105531956e+00,2.550083551309228813e+00,2.900251115468889918e+00,1.082643121986816004e+00,1.540944708715360045e+00,4.208399705798355761e-01,1.003714793469256072e+00,-2.881630346565975831e+00
1.531217288502908724e+00,2.166637061095910699e+00,3.264444581518800792e+00,3.381261993410173416e-01,1.537442777414316675e+00,3.498037286167012677e-02,1.433603318042611985e+00,-1.439041540402727248e+00
2.253434312645270499e+00,1.448918736837399690e+00,3.334293660568791839e+00,6.230916335583688515e+00,3.747008466569189178e+00,-1.648005747881336802e+00,3.703112011205377918e+00,-3.599478108873670895e-02
2.577614167416467428e+00,5.315719756364939430e-01,3.180646766962629712e+00,4.605068464557927399e+00,1.111539365552357106e+00,-1.139194895008597275e+00,1.938114076358339766e+00,-1.175264995096887199e+00
2.796680248472919850e+00,3.951404355233064658e-01,3.403313844332275018e+00,7.015113062390925691e+00,2.365574403563238004e+00,-3.210644430870535082e+00,2.700567940771313236e+00,-3.256406617010399462e-01
2.392869773345628115e+00,1.137002293365099392e+00,1.927766527904831273e+00,5.179556646328928871e+00,3.258576869445998003e+00,-8.522431794679858896e-01,2.996700766369696733e+00,-5.068947009918213231e-01
2.064865215714559721e+00,2.671789831682365612e+00,4.174189065891630968e+00,2.511188096521012714e+00,1.032290189741209119e+00,-3.859155680471474392e-01,1.768586192078790864e+00,-1.862152355096324374e+00
2.013194305844247634e+00,2.908326618604624603e+00,4.659750045059502632e+00,5.930572073840635339e-01,1.421884029861925303e+00,4.529819063873395391e-01,9.140080613023201517e-01,-1.971497509224640954e+00
1.555075754602526894e+00,2.102450536252406632e+00,3.064097799251898291e+00,3.629852987799019992e+00,2.587031910421412118e+00,-4.067768171856021575e-01,2.821405208027186085e+00,-3.965157735555110419e-01
2.794525529616287418e+00,7.446698166232491589e-01,2.484422897722791568e+00,4.721380110985044176e+00,2.063216416131409048e+00,-4.649966413881668204e-01,3.052259366718752975e+00,-1.556800189961995873e+00
2.784077746877572146e+00,2.246437886129223127e+00,2.213398621451919901e+00,2.888875292199071687e+00,4.526437128924206021e+00,4.097183160316473227e-01,2.786201235049023062e+00,4.953108210394743804e-01
-1.448922143205453594e-01,4.405805023266234244e+00,9.502021198871133389e-01,-2.315798822884870267e-01,5.490929014689822640e-01,8.918816836349259258e-01,-1.907980372235182021e+00,2.570685791641835194e-01
2.194205002819302475e-01,4.218202381780508325e+00,2.930900473633994974e+00,-8.318811627458158053e-01,1.709452874487614960e+00,-3.735007796011870496e-01,-5.279848099668109640e-01,-7.116984861166089082e-01
2.830595659298699163e-01,4.540546343566339793e+00,2.960178864714542613e+00,-2.071624172078525561e-01,1.174525911009233647e+00,-4.619752561820310022e-01,-1.855684861352169257e+00,-1.584158252022314750e+00
-3.441741328042519088e-01,4.612725269071102474e+00,1.774135626271957422e+00,-1.688553068312717675e+00,9.235873153365113941e-01,-4.531048213506267408e-01,-4.527179622835426076e-01,7.022373054029960038e-01
2.296284337735582937e-01,3.812657849519966557e+00,1.929016805393207523e+00,-1.766123055460590230e+00,1.105060813773951045e+00,-9.872878197171597314e-02,3.376627215813399890e-02,9.364239193788241877e-01
5.867616479288894071e-01,5.146320477484045419e+00,2.102690772124341301e+00,-4.710430252991882893e-01,-3.515180567274873158e-01,1.193328052908100512e+00,-1.759009122505393208e+00,1.335335765868378877e+00
1.062762234700522335e+00,4.507178471011453524e+00,3.910035984106757123e+00,-6.768723877496599650e-01,1.679903162658776816e+00,-4.767602714579020629e-01,-9.600543104215405465e-01,1.380333224610616472e-01
6.427081110281897269e-02,4.019357248870066179e+00,2.271950182834044707e+00,-1.345021042407814171e+00,3.836159168292288424e+00,1.693686937768182632e-01,3.965457809627253583e-01,7.900500588819885373e-01
2.189448419239130139e+00,3.842831806102481984e+00,4.533655463397563423e+00,1.001995911906184006e-01,1.525656733476464799e+00,-1.659205976031644214e+00,-4.076848430230588072e+00,1.905516808141270557e+00
2.920951898253800749e-01,5.307229226476136930e+00,2.217964809146738325e+00,-6.297698893742546822e-02,1.100291776302819713e+00,1.309435656346574106e+00,-2.808069040686931750e+00,-1.513916070365826094e-01
-4.985044367027140905e-02,6.252381124623673792e+00,2.803222677957958098e+00,-1.732604018884158714e+00,5.314185671881032080e-01,4.172224400572801042e-03,-2.727190162815661179e+00,2.031762625247016452e+00
1.253797982770259667e+00,3.394775592914401674e+00,4.681662712640232371e+00,9.402054245212437822e-01,2.915113126486697515e-01,-1.180590886877894707e+00,-1.392131696997993773e+00,-1.043207445070138517e+00
4.164068926594947234e-02,4.131606377096303184e+00,2.479415082217828470e+00,-1.344178757640832833e+00,2.741646703305003374e+00,-6.156075931235500953e-02,5.177416606803145749e-01,1.588710772000651250e+00
8.359776931761511154e-01,2.804724197830299026e+00,-1.316132104329756247e+00,1.352307838505370174e+00,-8.207096388992437541e-01,2.671546152616095515e+00,-2.913160055675445559e-01,1.787139888212724015e-01
1.317252797655688312e-01,3.267941275790335443e+00,-1.413704476416792089e+00,1.961619593630442360e+00,-3.809247258230419320e-01,4.475642002267958830e+00,-6.950577342302460826e-01,1.291500030804378696e+00
4.891053603635865943e-01,2.467078080258722661e+00,-3.167868838352845717e+00,1.788357041720607832e+00,5.682721389111173443e-02,4.497606667528352808e+00,-1.437599827427369359e-01,9.633457777518286691e-02
6.386580698460063710e-01,2.850470271103753728e+00,-3.599444320029578481e+00,3.160691507372606956e+00,9.689362866690212073e-01,7.241590861580273319e+00,-3.081173451627805537e-01,4.234793790491271359e+00
1.143426000012400356e+00,3.057367478662477378e+00,-2.686180651971782574e+00,1.879866279467016899e+00,-2.520702485024411965e-01,6.951139282110712081e+00,-5.458437927302771664e-01,3.040397814739720150e+00
5.206195171556571299e-02,3.354705082131054006e+00,-2.737342409669233589e+00,2.833775883279579855e+00,-1.981748078999455154e-01,4.887455923556069060e+00,-6.197779900673486830e-01,2.846249218515132906e+00
1.122695827845971994e+00,3.573052876752487617e+00,-2.910345100445520750e+00,3.629041966408951492e+00,1.070321230729043949e+00,7.150991938623373123e+00,-6.592924754615039351e-01,3.613210934287449216e+00
-9.555562855171272352e-01,2.908934592309784684e+00,-3.833294831626787413e+00,2.373006505396682453e+00,4.835488363968689085e-01,5.243687940996688113e+00,-1.466030033531642962e+00,2.763780445752478165e+00
-8.731000667737294219e-01,3.249295673667237150e+00,-3.067769028495081596e+00,8.055687287993021917e-01,-9.112611044809411087e-01,2.224599505777222763e+00,-1.114651123854485837e+00,8.444647798574935749e-01
-1.460115317493541731e+00,4.327237275927121374e+00,2.504753337870451249e-02,-2.055678773153103212e+00,5.712008518029275672e-01,-5.426263654645068213e-01,-5.633254206710063272e-01,-3.908139111308582825e-01
-1.691004015278838146e+00,2.616059952588522197e+00,-6.926846228503616976e-01,-7.415308858685657478e-01,1.590442380828307245e+00,-4.395804536401075602e-01,9.426873347796516089e-01,-4.551264935699792513e-01
-3.038784795382759585e-01,4.276761294353593534e+00,1.666925751572416958e+00,2.817141685367220982e-01,-1.369297888432237931e-01,1.760521182684738006e+00,-1.046477747808192804e+00,-1.364533954219381062e+00
1.137519433411214642e+00,5.201606700624330060e+00,4.607751931328555095e+00,-1.068101782208498385e+00,-4.296369031034555364e-01,-1.668023943865095671e+00,-2.299505233979945995e+00,1.134082594531036436e+00
9.896577565683864486e-02,4.056288807042853328e+00,4.572862377664667299e+00,-3.200874902781569720e-02,-1.729947452944053277e+00,-1.566982543347910539e+00,-6.241677765361993702e-01,-1.291366087561256260e+00
-5.460782608143335271e-01,4.834254144493819183e+00,1.551277630721921375e+00,-1.405259906910661272e+00,-1.771335183473851105e-01,-7.672896096623970097e-01,-1.390221758384822870e+00,-6.568394855159012113e-01
8.978799540803567014e-01,4.410072527709406387e+00,2.881645046542384847e+00,8.925225289982402499e-01,-1.551816223632353386e+00,2.838210538700163821e-01,-2.776797896836019408e+00,2.782808587253272625e-01
3.278538478773181941e-01,5.466701838585397155e+00,3.943327277488184457e+00,-1.401785655347267845e+00,1.210870778449587348e+00,-5.387907953059365429e-01,-1.299105153866922491e+00,-3.745974340876345732e-01
-1.992349257063152468e+00,1.225877561994294762e+00,-1.011406699541559595e+00,-1.520145806676100053e-01,-3.919000148833729491e-01,-1.453433707701438982e+00,1.426037011877883121e+00,-2.347653193067099908e-01
-6.707069891062090727e-01,5.154878847116768803e+00,2.083905391313355615e+00,-1.285668071500203347e+00,1.423770117941232649e-01,-6.013924549980776968e-01,-1.629684208368381348e+00,-1.244250608914256429e+00
2.857221665349497508e-01,4.776064727203141125e+00,3.096027122468612447e+00,-8.569603591039723911e-01,-1.361196738989388644e+00,-4.775841256146313718e-01,-2.170901918990581159e+00,-5.656672617706085537e-01
-1.517125035322997695e+00,2.951552376799934763e+00,-1.162097711174845394e+00,-2.862645534275434778e-01,1.589826887919537857e+00,2.657429532608622802e-01,8.340737509926776649e-01,-1.319894941702747904e+00
-2.270942293337958606e-01,5.846881632390402039e+00,3.676411708816900603e+00,-2.637142403510730482e+00,1.071306178902170225e-01,-1.139821770076359986e+00,-1.826427429205277897e-01,3.119598482645881354e+00
-1.010220962199368078e+00,5.169484395054699810e+00,1.283378645292488629e-01,-2.698304957638386181e+00,7.119823494875783254e-01,-9.860830898339527639e-01,-1.220596129090513182e+00,9.019924872078708411e-01
-2.215258235951101717e+00,4.051496308931083590e+00,-1.469790844169516886e+00,-1.995310290019371990e+00,7.852484470161409380e-01,-8.184185815328300917e-01,-3.242457532375757068e-01,3.885597216128817144e-01
-1.574744786614340253e+00,5.196630205506085787e+00,2.663364114718272946e-01,-3.053635814416683303e+00,8.224283429742548224e-01,-1.165782341722576554e+00,-8.625357912297026974e-01,1.678537517821113267e+00
-2.052811236307424014e+00,4.396136461073671953e+00,-1.206603089486626645e+00,-2.803928997669690393e+00,9.400219607026409907e-01,-1.026938578376084932e+00,-5.735080537648239440e-01,1.071916142602878264e+00
-2.292097468608375266e+00,4.219527402128397497e+00,-9.319692617400858747e-01,-2.371426204363654477e+00,5.806551199764529159e-01,-1.182407366898676537e+00,-3.539475225133181802e-01,6.234965906501116484e-01
-2.371532837518873560e+00,3.841046370486915329e+00,-1.346141212209171600e+00,-3.093746836578888715e+00,-1.179280917275950413e+00,-1.762251391708127057e+00,-3.571994503206193383e-01,3.822167976668786604e+00
-1.779495534077360386e+00,4.555198325029670592e+00,-1.078086748480794554e+00,-2.871488719788149346e+00,4.956834445033552750e-01,-1.125742446260737717e+00,-9.083061527331848239e-01,1.316982341465908313e+00
-1.617353261141936782e+00,5.147697340810686306e+00,-8.908095622472423925e-01,-3.468508771503590271e+00,-2.132618354138324512e-01,-6.363776719883695865e-01,-7.037733489991949698e-01,2.903701998031688714e+00
-1.230921189334696297e+00,4.425782896946687472e+00,-2.032963771618012228e+00,-2.744182848108056572e+00,-2.938965392573764657e-01,-4.352319379107745800e-01,-3.043293199334499155e-01,1.917952007362369038e+00
-9.025880337870040293e-01,4.552118613397185598e+00,2.788754210775361120e+00,-1.353786343313850615e+00,9.301018889818247759e-01,-9.792225517582001659e-01,5.535814253257097250e-02,-3.193111606233537958e-01
-3.721856672421509860e+00,-9.726534114437315193e-01,-2.280271036683416241e+00,1.742203895301343897e+00,-2.684392028097905558e-01,-8.392989134102909476e-01,1.602119630005226503e+00,-1.763986684497938218e-01
-3.125523415592236454e+00,-3.531969307063150265e-01,-2.701248978506909815e+00,-2.660731289622886991e-02,-9.376805885733360268e-01,-1.474832232434773127e+00,1.461450144933002404e+00,6.300165166746722889e-01
-3.202334371756624165e+00,4.544542053440187024e-02,-4.356605040484940794e+00,8.808905904456402203e-01,-1.655429607193924735e+00,1.629233535187472603e-01,-4.204737620572062129e-01,7.419751825541591739e-01
-2.685154055241343762e+00,1.988576248958273007e+00,-3.518522088837697570e+00,1.320213040344714761e+00,-1.912275880475766687e-01,1.148405694376015029e+00,-3.996300299786137433e-01,-2.678542556846278955e-01
-3.823434171544747961e+00,4.822285672605294837e-01,-4.439033992957462260e+00,9.207410902372599182e-01,-5.151585488409919922e-01,6.298771306479702958e-02,-1.632248374016432857e+00,-7.023016965562286495e-01
-3.834115519416891438e+00,1.373566332877677321e-01,-4.500960669034300921e+00,4.296829122420794400e-01,-1.857269790817823507e+00,-1.040104014625479856e+00,-9.809391949868428995e-01,8.760712222329564147e-01
-4.098567258574295380e+00,7.070513331013213165e-02,-4.275216549119715381e+00,3.019578094019179093e-01,-1.177045355839611229e+00,-1.264295201348575093e+00,-1.397105403759944853e+00,-3.432254746621369867e-01
-3.246481250286664455e+00,7.325344811428047276e-02,-3.432276898447220947e+00,4.872241397446617217e-01,-9.223280538677128826e-01,-1.130102357856342499e+00,4.510679646832085332e-01,6.760932846454605072e-02
-3.110496491186937273e+00,1.237575044656798129e+00,-4.536088088661577089e+00,1.618350210250926402e+00,-3.190909957780134754e-01,6.188491773003457208e-01,-1.993952773331920225e+00,2.004788434061900715e-01
-3.796826414675245065e+00,-8.500150694895507453e-01,-3.492867902013953696e+00,1.004565057425601760e+00,-6.966773491491080605e-01,-3.405842086135761337e-01,-2.906794034092947676e-01,-1.376705663174748961e+00
-3.064315043749297196e+00,2.100277121148087289e+00,-4.457430450354754825e+00,8.145573919514884631e-01,-8.767053058461376711e-04,7.272122147324072694e-01,-2.350682015647928225e+00,-7.763541466167048211e-02
-3.696968880209714037e+00,-1.308898627445448604e+00,-3.716565601896060222e+00,1.633456176166477647e+00,-8.436630896792572942e-01,2.292144558917226238e-01,4.543035531795783233e-02,-7.842999287394202268e-01
-8.879418053854313264e-01,2.332544047695987999e+00,9.828566767090273215e-01,-9.683003581298442741e-01,4.001961752989715571e+00,-2.184180114740629647e-02,1.766604876334710195e+00,1.505402478473771399e+00
-6.810264865754397379e-01,2.506332595033973210e+00,1.887881538694974881e-01,-6.362801487703456660e-01,3.792719023634484987e+00,9.682379818688429118e-01,1.996941886791637977e+00,7.019051888754794799e-01
-9.560379772751985694e-01,2.355380885934892810e+00,8.334942083337268937e-01,-9.127784920747467057e-01,4.015312105644015084e+00,4.723450082281793749e-01,2.073969134109592272e+00,1.463278837033930468e+00
-9.612406000642884085e-02,4.094250667739977700e+00,1.400162042830844777e+00,-1.307123483717632206e+00,3.507065986989878148e+00,8.693896982486457592e-01,1.422018651101155440e+00,1.984169564489923543e+00
-6.520971114231451926e-01,2.824069859775077962e+00,1.150699305745195522e+00,-8.641449454757581528e-01,3.749182884534104865e+00,6.216003666596517929e-01,2.262936860261029359e+00,1.765962818726325212e+00
-5.572874676037679054e-01,3.196557710188149493e+00,7.255827398372066694e-01,-1.309115148851550225e+00,4.241821803245041878e+00,9.052892102015097642e-01,2.003513607262067620e+00,2.688599076492642403e+00
-3.858623375858108995e-01,2.200033163440744399e+00,8.676217645781466592e-01,-2.001042322298290654e-01,3.362389592878237021e+00,1.160422710376098454e+00,3.105294869838743477e+00,1.689276571610434097e+00
2.966135157172318515e-02,2.414713195839652382e+00,2.150204027455458800e+00,6.381542937098513835e-02,3.414833928545173869e+00,8.935010555068999549e-01,3.427424617746567481e+00,2.311915913340849560e+00
-2.440088392262446809e-02,2.674469800331534142e+00,1.645542607044312211e+00,-7.602144218229527350e-01,2.905010099828280179e+00,7.627054092076130942e-01,2.525125699532663859e+00,1.691513859285819432e+00
-3.772020527337046070e-01,2.125663379089335780e+00,1.499504893556087293e+00,2.575638956692449244e-01,2.795966887513914756e+00,7.422020437114866809e-01,2.422965631130627351e+00,-8.521171468043752251e-01
2.559364671846370287e-01,2.031022720910793833e+00,1.676062846193179467e+00,7.276403450049561128e-01,2.731906438007912108e+00,1.530326065523613055e+00,3.210793271666921633e+00,-7.150386515305507951e-01
-1.086235134993701168e+00,2.067308711544937339e+00,9.442747150862319527e-01,-2.065498519498287430e-02,3.395192601732227367e+00,-1.208391047584296829e-01,2.474701212626505775e+00,1.273049313253245884e+00
9.565981160490780733e-01,1.280065150879856617e+00,5.254332650148573869e+00,2.832118813803919277e+00,-3.783884495716849816e+00,-7.942929073623613556e-01,-9.783597793722218494e-01,-2.236888651030772834e+00
1.157372408529621977e+00,2.178870066470542710e+00,5.063738296856794996e+00,2.822000290332052685e+00,-2.607932380207710121e+00,-3.098696137377105475e-01,-7.705988559075057642e-01,-2.226474793193225388e+00
1.816649126368300005e+00,6.878344078944609308e-01,5.432124255919147160e+00,3.808346088493372861e+00,-2.937253654784060419e+00,-1.783911731099448561e+00,-2.835922876805945236e+00,-2.081573444584728705e+00
4.685082766403017573e-01,2.172895435954755428e+00,4.207778839497605894e+00,9.141462409377260068e-01,-3.367478546045888255e+00,-1.534243269501743612e+00,3.252764442611855711e-01,-2.139918780635881923e+00
1.757401970168123606e+00,1.278220416287413119e+00,4.779797883210684439e+00,3.685529651068580659e+00,-2.769605502982620315e+00,-1.887513144658347075e-01,-2.582821987568046929e+00,-1.881721962868308839e+00
9.555811556878958113e-01,1.886917348588636578e+00,4.386649727678731736e+00,2.391920291449382230e+00,-2.564012870404011490e+00,-8.033517267376345528e-01,-2.811636314292938477e-01,-2.242768115125572059e+00
2.417579294602822504e+00,-1.912744546352676822e-01,5.928247629268494023e+00,2.411736319242054005e+00,-3.494201237221301604e+00,-3.549754616788390216e+00,-1.256412630774727202e+00,-1.085556086376780360e+00
9.370363295575909746e-01,2.410542728357541797e+00,4.499921209729663474e+00,7.866986932180908276e-01,-2.687322134283635755e+00,-1.400353949696470535e+00,1.559501636556128445e-01,-1.942542053462246843e+00
1.862306285214492707e+00,7.411941415839767844e-01,4.953132845418410035e+00,1.715451809514238812e+00,-4.743900775366388878e+00,-3.249637086398574404e+00,-3.060848470076768524e-01,3.879752182914041336e-01
1.570758418874666607e+00,1.517642221300138594e+00,4.052634607995047489e+00,6.536357440151531195e-01,-3.189185407131931882e+00,-2.732285886785320805e+00,-2.592906548091271704e-02,7.361862589039832594e-01
1.491705778410805650e+00,1.016720000102594446e+00,4.184744577000883758e+00,2.713387787512717142e-01,-4.124059263056580882e+00,-3.220202762042117417e+00,8.077191557235796626e-02,7.294345302641525031e-01
1.522252261460386391e+00,2.619305197653109207e+00,4.422519306381517801e+00,3.217302622754317776e-01,-5.620127653415861735e-01,-8.162091733549494688e-01,2.717709418258971651e-02,-1.551039817398712106e+00
-6.816115283254500667e+00,-9.237301901901410872e+00,1.734786814495488771e+00,4.339509562627480999e-01,1.486339896067482957e+00,2.644160587914841098e+00,1.835817370765592482e+00,1.105619988412428922e+00
-8.768274299225289781e+00,-1.080020692523684112e+01,2.835221750203427593e+00,8.979486985362802876e-02,9.815710665456136574e-01,2.604952425326528598e+00,9.133144109250198595e-01,9.888748651201206830e-01
-1.072303588772713034e+01,-1.238444065798600313e+01,3.431530022689733617e+00,-3.209464121952989135e+00,1.515387527594875161e+00,2.725424120150265139e+00,-9.033632247971292717e-01,-4.794237674603053501e-01
-9.632986569551402312e+00,-1.004471501653749499e+01,1.547710081024797901e+00,2.571739267829037390e-01,2.358584540731055168e-01,-6.525683977404862501e-01,-6.694599651654218331e-01,-7.074831863576233060e-01
-1.219956636182262777e+01,-1.216242251724054846e+01,3.781261550658197468e+00,4.536415988006706201e-01,1.141990275080819739e+00,1.866288559989202622e-01,-1.552861125616018745e+00,4.620744665021558339e-01
-6.901642900676324466e+00,-1.144677337652528948e+01,2.346387184483712307e+00,-2.456563423861844342e+00,1.543446460227141159e+00,4.588785168209351006e+00,7.810859750044005789e-01,1.960331439354039695e-01
-7.469679246256829330e+00,-9.902526336824330144e+00,1.641527421909263040e+00,5.183969114823145929e-01,1.344150593021425699e+00,9.985210017398101767e-01,3.775397687020984883e-01,1.893594162426638083e-01
-6.855218957530204271e+00,-9.944692069967612014e+00,1.317142721074648692e+00,-8.913422328589060140e-01,2.589399862016378506e+00,1.468576486469963305e+00,2.501638399409165658e-01,-1.901183668739605093e+00
-6.279533285055027392e+00,-9.851925857507630724e+00,1.930852301371673629e+00,-1.469576715117792753e+00,3.460851318725727044e+00,2.983495071501257812e+00,1.097011413458451212e+00,-5.533349377384069179e-01
-6.969610617032781619e+00,-9.756502186432941315e+00,2.546433845253144757e+00,1.096262796645501414e+00,2.968785954507657365e+00,2.646338356898613409e+00,1.651649411483229635e+00,1.310510412864306584e+00
-6.227585584044548206e+00,-9.988670276487304989e+00,7.187378984345792476e-01,-6.966289361284658810e-01,6.889316098064846017e-01,3.168367126700650349e+00,7.467926701885082563e-01,-1.583092158268065930e+00
-2.832335309210943119e+00,2.362206364065247310e+00,-2.358789292098983026e+00,-2.103458558128793177e-01,1.388990608369779389e+00,-5.348140580909125363e-01,-4.413855329581982123e-01,-1.627700352871242817e+00
-2.852324838554317399e+00,1.229207697666074850e+00,-5.144627607735138275e-01,-4.441541421223388908e-01,9.046636376197153551e-01,-1.921425520981268953e+00,5.341298728930232720e-01,-1.752031250185201117e+00
-3.057903090576759020e+00,2.501302612183820884e+00,-2.739174010367601664e+00,-1.327859045186064180e-01,1.179470959390150009e+00,-1.019041934130914817e-01,-1.270027546721665068e+00,-2.088514840051208576e+00
-3.178861797520615706e+00,8.817457289117213159e-01,-7.130547562941582651e-01,-6.317711584313527862e-01,1.430562633509957715e+00,-1.871361136373020928e+00,8.184361430519582203e-01,-7.984331633571751796e-01
-3.372455031206512466e+00,8.585110383003143886e-01,-1.416607539264485016e+00,5.550949074055407939e-01,3.437673265922024934e-01,-1.352071592728125049e+00,1.086773287811622773e-01,-2.936154219397455023e+00
-3.348443290773378322e+00,2.170124041407956561e+00,-3.087735513428524481e+00,-5.874583055854940561e-01,1.449136442540692071e+00,-5.025006086658505566e-01,-1.185745160492648109e+00,-2.056962787079527732e+00
-2.743176643928000757e+00,1.846232716465687540e+00,-1.897900553644565225e+00,-1.174567630387922668e+00,1.978332385851425013e+00,-9.150301315239011135e-01,2.333352795315507822e-01,-5.764588245184779636e-01
-2.726089051228107518e+00,1.804381281891794364e+00,-1.757372619790018797e+00,-5.118769176036641610e-01,2.686828618873871477e+00,-5.540433241781591578e-01,4.930143972035432309e-01,-1.004444316562010497e+00
-2.489302096572503675e+00,3.050605890226056882e+00,-1.621643970233692889e+00,-8.595762008436668156e-01,1.913145965009470650e+00,-3.238040703231997997e-01,-7.598513807019828814e-01,-2.080517911246024809e+00
-2.271919737074859391e+00,2.506156883239156308e+00,-9.349157282282593018e-01,-1.096978142144837909e+00,3.176867388880350251e+00,-4.551040101644904801e-01,3.066778108183667584e-01,-1.059686109834208079e+00
-1.244373088100520386e+00,3.631724707405989072e+00,-4.147986736608959973e-02,-8.939409580917869746e-01,3.155894775604772384e+00,4.908901591873302550e-01,3.756507300106641800e-01,-1.405081106938059321e+00
-1.436917159092423235e+00,3.771083162550525003e+00,-4.274686104120501984e-01,2.866928854264826909e-01,1.683689267674222945e-01,6.444982713792377638e-01,-2.080805524777487925e+00,-2.217329638440339146e+00
-5.622487973085837920e-01,4.287643001273375276e+00,2.295696516030749923e-01,1.851392555943348839e+00,3.079089800286734513e-01,2.058803815837893403e+00,-3.969537243664378323e+00,-1.074980124425968464e+00
-2.222919705175337768e+00,3.790286871356363552e+00,-1.827048783777127205e+00,-6.950256071678638792e-01,3.599560825791068841e-01,4.904352155651396650e-02,-1.581537550410833104e+00,-1.185406785418091413e+00
-1.336232766734244404e+00,3.196723487491924143e+00,7.347531256336821415e-02,-4.181632310543613174e-01,2.771144549087859676e+00,4.175452841226914291e-01,-1.832299598713256761e-01,-2.654101603158216971e+00
-1.432384996500271290e+00,4.400989667431015384e+00,-8.322732145967742801e-01,-3.110727962020773396e-01,-1.036753285109122263e-01,4.457811225554829115e-01,-2.452878961804869640e+00,-1.328945109022802162e+00
-2.384267560685539689e+00,2.696614466033830038e+00,-1.090647949954177909e+00,-2.246471664523460032e-01,-2.661974864876966440e-01,-6.255014414993685934e-01,-1.160481028278899096e+00,-1.103510595851117326e+00
-1.410753170785135291e+00,4.598643393732399609e+00,-9.055504007276636846e-01,1.931242295122775066e-01,3.208276867647071873e-01,1.233449805456735549e+00,-3.030082274924341235e+00,-1.252173867099206639e+00
-1.205990771149400897e+00,4.297153591129403871e+00,-1.075118332725843867e-01,-7.627513948294302182e-01,1.093747589163736267e+00,6.396228034151087150e-02,-7.151523047777349484e-01,-1.136283022057299696e+00
-1.486195511568220162e+00,4.992710157812037863e+00,-1.450251737186742051e+00,4.382909717177609910e-01,6.515480553509200856e-01,1.408571541486813183e+00,-1.891472856521545731e+00,-7.426783984557192575e-01
-1.053875863507885535e+00,4.880248925550092487e+00,-6.689734971625507232e-01,6.082267681856089875e-02,-3.927332048178903273e-02,1.269201872172836421e+00,-3.454968077380045521e+00,-4.911691879030550267e-01
-1.241879341634831491e+00,4.676309169594192738e+00,-1.461491720225213786e+00,7.647385336822067892e-01,8.565591140836384954e-01,2.122119241834158121e+00,-3.359075650906804267e+00,-4.391191547254513772e-01
-9.600335406990721410e+00,-1.070816842705614924e+01,1.567271561842137118e+00,-7.768797845677600789e-01,-1.354562459384527573e+00,-1.446560952943070910e-01,-9.162846431517436274e-01,-1.106257516883542152e-01
-9.417694073713448688e+00,-1.035547938214324226e+01,1.519529288243071541e+00,-5.435767229100868514e-01,-1.009089473199704434e+00,-5.146118588048151921e-01,-7.002498734810198577e-01,3.488870164243029759e-02
-1.073599701990188393e+01,-1.170442524580603738e+01,2.433829558178872254e+00,-4.967468167542433144e-01,-1.088853859172806970e+00,-1.058837035262297332e+00,-1.864554862703646343e+00,1.988072412034723180e-01
-1.390051452113515751e+01,-1.633072468875526440e+01,5.474964487801276647e+00,-2.693443137781317276e+00,-2.072015151555660906e-01,2.740108490210578118e+00,-4.395761531996423166e+00,1.020495965063195953e+00
-1.307913413362117261e+01,-1.448509162049244026e+01,4.715196252808387278e+00,-2.718890667724502830e+00,-4.317001331934055552e-01,1.968069126546964531e+00,-2.984742522480143379e+00,2.339088131420938410e+00
-1.014130293440983976e+01,-1.058980743602741903e+01,1.964491657729372065e+00,-1.410846545540931363e+00,-1.001943050302013472e+00,-6.559261324457499320e-01,-1.173518060928423701e+00,6.191157599134206047e-01
-1.033192438201373875e+01,-1.050231288491505133e+01,2.340723069497924858e+00,-2.723846762031239543e-01,-1.382683034539060052e-01,7.326041516591096092e-02,-6.463484040100090366e-01,6.508027174547960092e-01
-1.162459744975135401e+01,-1.048105758795398401e+01,1.901640928624141802e+00,7.201977156074743092e-02,-6.390304206962114097e-01,-2.173026551123300454e+00,-1.760155994464623896e+00,-3.378253812155370128e-01
-8.986539998456132494e+00,-1.113288577497349330e+01,2.244981232183073327e+00,-1.455485802909219029e+00,-1.632935103376456087e-01,3.446286948587156118e-01,-1.005008558135886743e+00,3.605619996208370148e-01
-9.163061151924418724e+00,-1.011060270017730112e+01,2.158720533379522521e+00,7.396720647176524555e-02,-3.106485644215600250e-01,-2.426928123746759924e-01,2.917161464223529815e-02,7.020488377600142549e-01
-1.581626723333367401e+01,-1.687031972157218362e+01,7.481981055728608609e+00,-1.806795174022886918e+00,9.180640274577981375e-01,4.433366613345763874e+00,-3.801994125422773596e+00,3.668512266710902026e+00
-3.251899765632553230e+00,9.643377551728898878e-01,-2.462392087387804462e+00,-2.716695571607840032e-01,-2.591075445094020768e+00,-1.901947266619281152e+00,6.783654005597733461e-01,2.181295753105404689e+00
-3.790953859906402990e+00,1.184515521752574241e+00,-3.467501167258242756e+00,-4.721403173467786374e-02,-8.994378024038844899e-01,-1.295969046377967837e+00,-1.328376429353081534e+00,9.448393611107363740e-03
-2.955289142501391630e+00,8.598059395594865872e-01,-3.075003611294745642e+00,1.461685884098344657e+00,-6.514540345522399356e-01,-2.491775347846620359e-01,6.408481406036520278e-01,2.965191767684947632e-01
-4.073820654748756986e+00,2.601770829337477497e-01,-3.749950212905960978e+00,3.344034524604298508e-01,-1.062077865960512568e+00,-1.441171004271375899e+00,-9.543285738479547753e-01,-4.213997759469468862e-01
-3.701130464843025436e+00,5.789452957097995789e-01,-2.743520451231540314e+00,2.153448008357293109e+00,-4.941476659694563622e-01,-2.661651166953559744e-01,-9.384197751586308422e-01,-2.840744131079248613e-01
-3.328819000193061317e+00,1.607838271266316843e+00,-3.733537110906610224e+00,1.800411463193800188e+00,2.525021048811443292e-01,7.254055713920347648e-01,-1.650967669840190721e+00,-1.662098199809840804e-01
-4.544501040542036741e+00,-4.120017534661013503e-01,-3.868076249607714345e+00,2.158425481017211656e+00,6.166335684181966093e-01,4.426963943644802724e-01,-1.659323737569878832e+00,-1.769694345572251359e+00
-3.628644563362635633e+00,1.554269928926516720e+00,-3.319561429529985563e+00,7.040639175076148781e-01,6.324242114428872963e-01,-1.598014608938145009e-01,-1.619346930452405298e+00,-1.473688062583472291e+00
-3.160400986616549002e+00,4.298026673855806501e-01,-3.645857670706162956e+00,1.215987014008897082e+00,1.238187985085067028e-01,9.232263843039134610e-01,-2.183247872357600983e+00,-1.056092882891456419e+00
-3.795261049583729562e+00,5.786088099905491861e-02,-2.993444904365131887e+00,2.255077111717699090e+00,-5.148864428304271712e-01,1.434643316957806003e-01,-1.342357246658904435e+00,-5.684089871225037616e-01
-2.187128205633001699e+00,5.997833679705958515e-02,-2.099458239226296818e+00,2.687805324628389947e+00,1.449672201196110954e+00,5.285211580639228579e-01,1.787104255841484690e+00,-1.445873729918951689e+00
8.912562168752554470e+00,-6.891791947606614954e+00,-2.259586240847118344e+00,2.621667884430655793e+00,6.364269908060861125e-01,-1.802033052196214680e+00,-1.686132377052071751e+00,-7.872583558122282499e-01
1.126948531027924361e+01,-7.965311877593751255e+00,-4.362122910741820014e+00,4.323785837845815827e+00,2.387142905574031637e+00,-1.710156617436254578e+00,-3.726170397296746373e+00,1.353271991426534759e+00
7.878379399031259389e+00,-6.712700166832882509e+00,-3.836307807608097420e+00,3.187926381593091385e+00,8.310154598387337055e-01,-5.941270100478945881e-01,-2.140600026994013305e+00,-3.238504410737789718e-01
9.628898518775258708e+00,-7.688345836468277739e+00,-2.595162798732912446e+00,5.012225624406775992e+00,2.197066990664252817e+00,-3.348536731060448357e+00,-5.312654744312614419e+00,1.189830400320128767e+00
7.895607451750265682e+00,-6.030872919464050241e+00,-3.740097691292818549e+00,2.809826851122057878e+00,-1.862962696118271588e-01,-3.046289808979607105e+00,-6.768458667396428652e-01,7.941589500450660921e-01
1.020574656695184679e+01,-8.262660150846206975e+00,-4.597678460306506842e+00,4.087061182554990069e+00,1.359625415493572076e+00,-2.242367059144311447e+00,-3.760311635851325995e+00,1.292371132534557043e+00
9.204211340373753103e+00,-7.795413776329668032e+00,-2.915696604125033620e+00,4.826591287306573719e+00,6.446057366570465685e-01,-1.223517076946285753e+00,-3.899710481885324764e+00,3.558822214530381611e-01
9.745760239011524106e+00,-7.675809973406577669e+00,-3.715351751928155810e+00,4.569545838164240870e+00,1.012154060304918834e+00,-1.947905549792051438e+00,-3.036887945461636207e+00,1.595487145991732802e+00
1.023522941562625732e+01,-5.657713145265911514e+00,-1.641117040813980577e+00,2.400706890215460909e+00,2.233362060734467303e+00,-3.376159953952190929e+00,-8.591031881994898312e-01,-3.482035994058808592e-01
1.358639767966067602e+01,-9.353023341794330037e+00,-5.419886886949131899e+00,5.724392113267608995e-01,2.215221907806086410e+00,-1.911747253886479259e+00,-3.993451629043063722e+00,6.608281507717622683e-01
